,Hepatobiliary disorders,Metabolism and nutrition disorders,Product issues,Eye disorders,Investigations,Musculoskeletal and connective tissue disorders,Gastrointestinal disorders,Social circumstances,Immune system disorders,Reproductive system and breast disorders,"Neoplasms benign, malignant and unspecified (incl cysts and polyps)",General disorders and administration site conditions,Endocrine disorders,Surgical and medical procedures,Vascular disorders,Blood and lymphatic system disorders,Skin and subcutaneous tissue disorders,"Congenital, familial and genetic disorders",Infections and infestations,"Respiratory, thoracic and mediastinal disorders",Psychiatric disorders,Renal and urinary disorders,"Pregnancy, puerperium and perinatal conditions",Ear and labyrinth disorders,Cardiac disorders,Nervous system disorders,"Injury, poisoning and procedural complications"
0,1,1,0,0,1,1,1,0,0,0,0,1,0,0,0,0,1,0,0,1,1,0,0,1,1,1,0
1,0,1,0,0,1,1,1,0,0,1,0,0,0,0,0,0,1,0,1,1,0,0,0,1,0,1,0
2,0,1,0,1,1,0,1,0,1,1,1,0,0,0,1,0,1,0,0,0,1,0,0,0,0,1,0
3,1,1,0,1,1,1,1,0,1,1,1,1,0,1,1,0,1,1,1,1,1,1,1,0,0,1,1
4,1,1,0,1,1,1,1,0,1,0,0,1,0,0,1,1,1,0,1,1,1,0,0,1,0,1,0
5,0,1,0,1,1,1,1,0,1,0,1,1,0,0,1,0,1,0,1,1,1,1,0,0,1,1,1
6,0,1,0,1,0,0,1,0,1,0,0,1,1,0,0,0,1,0,1,0,0,1,0,0,0,1,1
7,1,1,0,0,1,1,1,0,1,0,0,1,0,1,1,1,1,0,1,1,0,1,0,0,1,1,1
8,0,0,0,0,1,1,1,0,1,0,0,1,0,0,1,0,1,0,0,1,0,0,0,0,0,1,0
9,0,0,0,0,1,0,1,0,1,0,0,0,0,0,1,0,1,0,1,1,0,0,0,1,1,1,0
10,1,1,0,1,1,1,1,0,1,1,1,1,1,0,1,1,1,1,1,1,1,1,0,1,1,1,1
11,1,1,0,1,1,1,1,0,0,1,0,1,1,0,1,1,1,0,1,1,1,1,1,1,1,1,1
12,0,1,0,1,1,1,1,0,1,1,1,1,0,0,1,1,1,0,0,1,1,1,0,1,1,1,1
13,1,1,0,1,1,1,1,0,1,0,1,1,0,0,1,1,1,0,1,1,0,1,0,1,0,1,1
14,0,0,0,1,1,0,1,0,1,0,0,1,0,0,1,0,1,0,1,1,0,0,0,0,0,1,0
15,1,1,0,1,1,1,1,0,1,1,1,1,1,0,1,1,1,0,1,1,1,1,0,1,1,1,1
16,0,1,0,1,1,1,1,0,1,0,0,1,1,0,1,1,1,0,1,1,1,1,0,1,1,1,1
17,0,1,0,0,1,1,1,0,1,0,1,1,0,0,1,1,1,0,1,1,1,1,0,0,1,1,1
18,0,1,0,1,1,1,1,0,1,1,1,1,0,0,1,1,1,0,1,1,1,1,0,0,1,1,1
19,0,0,0,0,0,0,0,0,1,0,0,1,0,0,0,0,1,0,0,0,0,0,0,0,0,0,0
20,0,0,0,0,0,0,0,0,0,0,0,1,0,0,0,0,1,0,1,0,0,0,0,0,0,1,0
21,1,1,0,1,1,1,1,1,1,1,1,1,1,0,1,1,1,1,1,1,1,1,1,1,1,1,1
22,0,1,0,1,1,0,1,0,1,1,0,0,0,0,0,0,1,1,0,0,1,0,0,0,0,1,0
23,1,1,0,1,1,1,1,0,1,1,1,1,0,0,1,1,1,0,1,1,1,1,0,1,1,1,1
24,1,0,0,1,1,0,1,0,0,0,1,1,0,0,1,1,1,0,1,1,1,0,0,0,1,1,1
25,0,1,0,0,1,0,1,0,1,0,0,1,0,0,1,1,1,0,1,1,1,1,0,0,0,1,1
26,0,1,1,1,1,1,1,0,1,1,1,1,0,0,1,0,1,0,1,1,1,1,0,0,0,1,1
27,0,0,0,0,0,0,0,0,1,0,0,0,0,0,0,0,0,0,0,0,0,0,0,0,0,0,0
28,0,0,0,0,0,0,0,0,1,0,0,0,1,0,0,0,1,0,1,0,0,0,0,0,0,1,0
29,1,1,0,1,1,1,1,1,1,0,1,1,0,0,1,1,1,0,1,1,1,1,0,1,1,1,1
30,0,1,0,1,1,1,1,0,1,1,0,1,0,0,1,1,1,0,1,1,1,1,1,1,1,1,1
31,1,1,0,0,1,1,1,0,1,0,0,1,1,1,1,1,1,0,1,1,1,1,0,0,1,1,1
32,0,0,0,0,1,1,1,0,1,0,0,1,0,0,1,1,0,0,1,0,0,0,1,0,1,0,1
33,0,1,0,0,1,0,0,0,1,0,0,1,0,0,1,0,0,0,1,0,1,1,0,0,0,1,0
34,0,1,0,0,0,0,0,0,0,0,0,1,0,0,0,0,0,0,0,0,0,1,0,0,0,0,0
35,0,0,0,1,0,0,0,0,0,0,0,0,0,0,1,0,1,0,0,1,0,0,0,0,1,0,0
36,0,0,1,1,1,1,1,0,1,0,0,1,0,0,1,0,1,0,0,1,1,1,0,1,1,1,1
37,0,1,0,1,1,1,1,0,1,1,1,1,0,0,1,0,1,0,1,1,1,0,0,1,0,1,1
38,0,0,0,0,1,0,1,0,1,0,0,0,0,0,1,0,0,0,0,0,0,0,0,0,1,0,0
39,0,1,0,1,1,0,1,0,0,0,0,1,0,0,1,1,0,0,1,1,1,0,0,0,1,1,1
40,1,1,1,1,1,1,1,1,0,1,1,1,0,1,1,1,1,1,1,1,1,1,0,0,1,1,1
41,0,1,0,0,1,0,0,0,0,0,0,1,0,0,1,0,0,0,1,0,0,0,0,0,0,0,0
42,1,1,0,1,1,1,1,1,1,1,1,1,1,0,1,1,1,1,1,1,1,1,0,1,1,1,1
43,1,0,0,1,1,1,1,0,0,0,0,1,0,0,0,0,1,0,1,0,1,0,0,1,0,1,0
44,0,1,0,0,1,0,1,0,1,0,0,1,0,1,1,0,1,1,0,1,0,1,0,0,1,1,0
45,0,0,0,1,0,0,0,0,0,0,0,1,0,0,0,0,1,0,1,0,0,0,0,0,0,1,1
46,0,1,0,0,0,0,1,0,0,0,0,0,0,0,0,0,1,1,0,1,1,1,0,0,0,1,0
47,0,0,0,0,1,0,1,0,1,0,0,1,0,0,0,0,1,0,1,0,0,0,0,0,0,1,1
48,1,0,0,1,1,1,1,0,1,1,0,1,0,0,1,0,1,0,1,1,1,1,0,1,1,1,1
49,0,0,0,1,1,1,1,0,1,1,0,1,0,0,1,0,1,0,1,1,1,1,0,1,1,1,1
50,0,0,0,1,1,1,1,0,1,1,1,1,1,0,1,1,1,1,1,1,1,0,0,0,1,1,1
51,0,1,0,0,0,0,1,0,1,0,0,1,0,1,1,0,1,0,1,0,1,0,0,0,1,1,0
52,0,0,0,0,1,0,1,0,0,1,0,0,0,0,1,0,1,0,0,0,1,0,0,0,1,1,0
53,0,1,0,0,0,0,1,0,0,0,0,0,0,0,0,0,0,0,0,1,0,0,0,0,0,0,0
54,0,0,0,1,1,0,1,0,1,0,1,1,0,0,1,1,1,0,1,1,1,1,0,0,1,1,0
55,1,0,0,0,1,0,1,0,0,0,0,1,0,0,0,0,1,0,0,0,0,0,0,0,0,1,0
56,1,1,0,0,1,1,1,0,0,0,0,1,1,0,1,0,1,0,1,0,1,0,0,0,1,1,0
57,0,0,0,0,0,0,0,0,0,0,0,1,0,0,0,0,0,0,0,0,0,0,0,0,0,0,0
58,1,1,0,0,1,0,1,0,0,0,0,1,0,0,1,0,0,0,0,0,1,0,0,0,0,1,1
59,0,1,0,0,1,0,1,0,0,0,0,1,0,0,1,0,1,0,1,0,0,0,0,0,0,0,0
60,1,1,0,1,1,1,1,0,1,1,0,1,0,0,1,1,1,0,0,1,0,1,0,0,0,1,1
61,0,1,0,1,1,1,1,1,1,1,0,1,0,0,1,1,1,0,1,1,1,1,0,1,1,1,1
62,0,0,0,0,0,0,0,0,0,0,0,1,0,0,0,0,1,0,0,0,0,0,0,0,0,0,0
63,1,1,0,1,1,1,1,0,1,1,0,1,0,0,1,1,1,0,1,1,1,1,0,1,1,1,1
64,1,1,0,0,1,0,1,0,0,0,1,1,0,0,0,0,1,0,0,1,1,0,0,1,0,1,1
65,0,0,0,1,1,1,0,0,1,1,0,1,0,0,0,0,0,0,1,1,0,0,0,0,0,1,0
66,1,1,0,1,1,1,1,1,1,1,1,1,0,0,1,1,1,1,1,1,1,1,0,1,1,1,1
67,0,0,0,0,0,1,0,0,1,0,0,1,0,0,0,0,1,0,0,0,1,0,0,1,1,1,1
68,0,1,0,1,1,1,1,0,0,0,0,0,0,1,1,0,1,1,0,1,1,0,0,1,1,1,1
69,0,1,0,1,1,1,1,0,1,1,0,1,0,0,1,0,1,1,1,1,1,1,0,1,1,1,1
70,1,1,0,1,1,1,1,1,1,1,1,1,1,1,1,1,1,0,1,1,1,1,1,1,1,1,1
71,1,1,0,1,1,1,1,1,1,1,1,1,1,1,1,1,1,1,1,1,1,1,1,1,1,1,1
72,0,1,0,1,1,1,1,0,1,0,0,1,0,0,1,0,1,0,1,1,1,1,0,1,1,1,1
73,1,1,0,1,1,1,1,1,1,1,1,1,1,1,1,1,1,0,1,1,1,1,0,1,1,1,1
74,0,1,0,0,1,1,1,0,1,1,0,1,1,0,1,1,1,0,1,0,0,1,0,0,1,1,0
75,0,0,0,1,0,0,1,0,1,1,1,1,0,1,1,0,1,0,0,1,0,1,0,0,1,1,1
76,1,1,0,1,1,0,1,0,1,1,0,0,1,0,1,1,1,0,0,0,1,0,0,0,0,1,0
77,1,1,0,1,1,1,1,0,1,0,1,1,0,0,1,1,1,0,1,1,1,1,0,1,1,1,1
78,1,1,0,0,1,0,1,0,1,0,0,1,0,0,0,1,1,0,0,0,0,1,0,0,0,1,1
79,1,1,0,1,1,1,1,1,1,1,1,1,1,1,1,1,1,1,1,1,1,1,1,1,1,1,1
80,0,0,0,1,1,1,1,0,1,0,0,1,0,0,1,1,1,0,0,1,1,1,0,1,1,1,1
81,0,0,0,1,1,0,1,1,1,0,0,1,0,0,1,0,1,0,1,1,1,0,0,1,1,1,0
82,1,1,0,1,1,1,1,0,1,1,0,1,0,1,1,0,1,0,1,1,1,1,0,1,1,1,1
83,1,1,0,1,1,1,1,0,1,0,1,1,0,0,1,1,1,0,1,1,1,1,0,1,1,1,1
84,1,1,0,1,1,1,1,0,1,0,0,1,0,0,1,1,1,0,1,1,1,1,0,0,1,1,1
85,0,0,0,0,1,1,1,0,0,0,1,1,0,0,1,0,1,0,0,0,1,0,0,0,0,1,0
86,0,0,0,0,0,0,0,0,0,0,0,1,0,0,0,0,1,1,0,0,0,0,0,0,0,0,0
87,0,1,0,0,0,1,1,0,0,0,0,0,1,0,1,1,1,0,0,1,1,1,0,0,1,1,1
88,0,1,0,0,1,1,1,0,0,0,1,1,0,0,0,1,1,0,1,1,0,1,0,0,1,0,1
89,1,1,0,1,1,0,1,0,0,1,1,1,0,0,1,1,1,1,1,1,1,0,0,0,1,1,1
90,0,0,0,0,0,1,0,0,0,1,1,0,0,0,1,0,1,0,0,0,0,0,0,0,1,1,0
91,1,1,0,1,1,1,1,0,1,0,0,1,0,1,1,1,1,0,1,1,1,1,0,1,1,1,1
92,1,1,0,1,1,1,1,0,1,1,0,1,1,0,1,1,1,0,0,1,1,0,1,0,1,1,1
93,0,0,0,0,0,0,0,0,0,0,0,1,0,0,0,0,0,0,0,0,0,0,0,0,0,0,1
94,0,0,0,0,1,0,1,0,0,1,0,1,0,0,1,0,1,0,1,1,1,1,0,0,1,1,0
95,1,1,0,1,1,1,1,0,1,1,1,1,0,0,1,0,1,1,1,1,1,0,0,0,1,1,0
96,1,1,0,1,1,1,1,0,1,1,1,1,0,0,1,0,1,1,1,1,1,0,0,1,1,1,1
97,0,0,0,1,1,0,1,0,1,0,0,1,0,0,1,1,0,0,1,1,0,1,0,0,0,1,1
98,1,0,0,1,1,1,1,0,1,1,1,1,0,0,1,0,1,0,1,1,1,0,0,0,1,1,0
99,0,1,0,1,1,1,1,0,1,1,1,1,0,0,1,0,1,0,1,1,1,1,0,1,1,1,1
100,0,1,0,0,1,1,1,0,1,1,0,1,0,0,1,1,1,0,1,1,1,1,0,1,1,1,0
101,0,1,0,1,1,1,1,1,1,1,0,1,0,1,1,0,1,0,1,1,1,0,0,1,1,1,1
102,0,0,0,0,0,0,0,0,0,0,0,1,0,0,0,0,1,0,0,0,0,0,0,0,0,1,1
103,1,0,0,0,1,0,1,0,1,0,1,1,0,0,1,1,1,1,1,1,0,1,0,0,1,1,1
104,1,1,1,1,1,1,1,0,1,1,0,1,0,1,1,1,1,0,1,1,1,1,0,1,1,1,1
105,0,0,0,1,1,1,1,0,1,0,0,1,0,0,1,0,1,0,0,1,1,1,0,0,1,1,0
106,0,1,0,1,1,1,1,0,1,1,0,1,0,0,1,1,1,0,1,1,1,1,0,0,1,1,1
107,1,1,0,1,1,1,1,1,1,1,0,1,1,0,1,1,1,0,1,1,1,1,0,1,1,1,1
108,1,1,0,0,1,1,1,0,1,1,0,1,0,0,1,0,1,0,1,0,1,1,0,0,0,1,0
109,1,1,0,1,1,1,1,0,1,1,1,1,0,0,1,1,1,0,1,1,1,1,0,1,1,1,1
110,0,1,0,1,1,1,1,0,1,1,0,1,1,0,0,0,1,0,1,1,0,0,0,1,0,1,1
111,1,1,0,0,1,1,1,0,0,1,0,1,1,0,1,1,1,0,1,1,1,1,0,1,1,1,1
112,1,1,0,1,1,1,1,0,0,1,1,1,0,0,1,1,1,0,1,1,1,1,0,0,1,1,1
113,1,1,0,1,1,1,1,0,1,1,1,1,0,0,1,1,1,0,1,1,1,1,0,0,1,1,1
114,0,1,0,1,0,1,1,0,1,0,0,1,0,0,1,0,1,0,1,1,0,1,0,1,1,1,1
115,1,1,0,1,1,0,1,0,1,1,1,1,0,0,1,1,1,0,1,1,0,1,0,0,1,1,0
116,0,0,0,1,0,0,0,0,1,0,0,1,0,0,1,0,1,0,1,1,0,0,0,0,1,1,0
117,1,1,0,1,1,1,1,0,1,1,1,1,0,0,1,0,1,0,1,1,1,0,0,0,1,1,0
118,1,1,0,1,1,1,1,0,1,1,0,1,0,0,1,1,1,0,1,1,1,1,0,1,1,1,1
119,0,1,0,0,0,0,1,0,0,0,0,1,0,0,0,0,1,0,1,1,1,0,0,0,1,1,0
120,0,1,0,0,1,1,1,0,1,0,1,1,1,0,1,1,1,0,1,1,1,1,0,0,1,1,1
121,1,1,0,0,1,1,1,0,1,0,0,1,0,0,1,1,1,0,1,1,1,1,0,0,1,1,1
122,0,1,0,0,1,1,1,0,1,1,1,1,1,0,1,1,1,0,1,1,1,0,0,1,1,1,0
123,0,1,0,0,1,1,1,0,0,1,0,1,0,1,0,1,1,0,1,0,1,1,0,0,0,1,0
124,0,0,0,0,0,0,0,0,1,0,0,1,0,0,0,0,1,0,0,0,0,0,0,0,0,0,0
125,1,0,0,0,1,1,1,0,1,0,0,1,0,0,1,1,1,0,1,1,0,1,0,0,0,0,0
126,0,1,0,0,1,0,1,0,0,0,0,1,0,0,1,0,1,0,1,1,1,0,1,0,1,1,1
127,1,0,0,0,1,0,1,0,1,0,0,1,0,0,1,1,1,0,0,0,0,0,0,0,0,0,1
128,0,0,0,0,1,0,1,0,0,0,0,1,0,0,0,0,1,0,0,1,0,1,0,1,0,1,1
129,0,1,0,0,1,1,1,0,0,1,0,1,0,0,1,1,1,0,1,1,1,0,0,0,1,1,1
130,1,1,0,0,1,1,1,0,0,0,0,1,0,0,1,0,1,0,1,0,0,0,0,0,0,1,0
131,0,1,0,1,1,0,1,0,0,0,0,1,0,0,1,0,1,0,1,1,1,1,0,0,1,1,1
132,0,0,0,0,1,1,1,0,1,0,0,1,0,0,1,0,1,0,1,1,1,0,0,0,1,1,1
133,1,1,0,0,1,1,1,0,1,0,1,1,1,0,0,1,1,0,1,1,0,1,0,0,1,0,1
134,0,1,0,0,1,1,1,0,1,1,0,1,1,0,1,0,1,1,0,1,1,0,0,0,1,1,1
135,0,0,0,0,1,1,0,0,0,0,0,0,0,0,1,0,0,0,0,0,0,0,0,0,1,0,0
136,0,1,0,0,1,0,0,0,0,0,0,1,0,0,1,0,1,0,0,1,0,0,0,0,0,1,1
137,1,1,0,1,1,1,1,0,1,1,0,1,0,0,1,1,1,0,1,0,1,1,0,1,1,1,0
138,0,0,0,0,0,1,1,0,1,1,1,1,0,0,0,0,1,1,0,1,0,1,1,0,0,1,1
139,0,1,0,1,1,0,1,0,1,0,0,1,0,0,1,1,1,0,1,1,1,1,0,0,1,1,1
140,0,1,0,1,1,1,1,0,0,0,0,1,0,1,1,1,1,0,0,1,1,1,0,0,1,1,0
141,1,1,0,1,1,1,1,0,1,1,1,1,1,0,1,1,1,0,1,1,1,1,0,1,1,1,1
142,1,1,0,0,1,1,1,0,1,1,0,1,0,0,1,1,1,0,1,1,1,1,0,0,1,1,1
143,0,1,0,1,1,1,1,1,1,1,0,1,1,0,1,0,1,0,1,1,1,1,0,1,1,1,1
144,0,1,0,1,0,0,1,0,0,0,0,1,0,0,1,1,1,0,0,0,1,0,0,0,1,1,0
145,0,1,0,0,1,0,1,0,0,0,0,1,0,1,1,1,0,0,0,1,1,0,1,0,1,1,1
146,0,1,0,0,1,1,1,0,0,0,0,1,0,0,1,0,0,0,1,1,1,0,0,0,1,1,1
147,0,1,0,1,1,0,1,0,0,0,0,1,0,0,1,0,1,0,1,1,1,0,0,0,1,1,0
148,0,1,0,0,1,0,0,0,0,0,0,1,0,0,1,1,0,0,1,1,0,0,0,0,0,0,0
149,0,0,0,1,1,1,1,0,1,0,0,1,0,0,1,0,1,0,1,1,1,0,0,0,1,1,0
150,0,1,0,0,1,1,1,0,1,0,0,1,0,0,1,0,1,0,0,1,1,1,0,0,1,1,1
151,0,1,0,1,1,1,1,1,1,1,0,1,0,1,1,1,1,0,1,1,1,1,0,1,1,1,1
152,1,1,0,1,1,1,1,0,1,1,0,1,0,0,1,1,1,0,1,1,1,1,0,1,1,1,0
153,0,1,0,1,1,1,1,0,1,1,1,1,0,0,1,1,1,0,1,1,1,1,0,1,1,1,1
154,0,1,0,1,0,1,1,0,0,1,0,1,0,0,0,1,1,0,1,0,1,1,0,0,1,1,1
155,1,1,0,0,1,1,1,1,1,1,0,1,0,0,1,1,1,0,1,1,1,1,0,0,1,1,1
156,0,1,0,1,1,1,1,0,1,1,1,1,1,1,1,1,1,0,1,1,1,1,0,1,1,1,1
157,1,1,0,0,1,1,1,0,1,0,1,1,0,0,0,1,1,1,0,0,0,1,0,0,0,0,0
158,0,0,0,0,0,0,1,0,0,0,0,0,0,0,0,0,0,0,0,0,0,0,0,0,0,1,0
159,1,1,0,1,1,1,1,0,1,1,0,1,0,1,1,1,1,1,1,1,1,1,0,1,1,1,1
160,0,0,0,0,0,0,0,0,1,0,0,0,0,0,0,0,0,0,0,0,0,0,0,0,0,0,0
161,0,1,0,1,0,1,0,0,1,0,0,0,1,0,0,0,1,0,1,1,1,0,0,0,1,1,1
162,0,1,0,0,0,1,1,0,1,0,0,1,0,0,0,0,1,0,1,0,0,0,0,0,1,1,0
163,0,0,0,0,0,0,0,0,1,0,0,0,0,0,0,0,1,0,0,0,0,0,0,0,0,1,0
164,1,1,0,0,1,1,1,0,1,1,0,1,0,0,1,1,1,0,1,1,1,1,0,0,1,1,1
165,1,1,0,1,1,1,1,0,1,0,1,1,0,1,1,1,1,1,1,1,1,1,0,1,1,1,1
166,0,0,0,1,0,1,1,0,0,0,0,0,0,0,0,0,1,0,1,1,0,1,0,1,1,1,1
167,0,1,0,0,1,1,1,0,1,0,1,1,0,0,0,1,1,1,1,1,1,1,0,0,1,1,1
168,0,0,0,0,1,0,1,0,1,0,0,0,0,0,1,1,1,0,1,0,0,0,0,0,0,0,1
169,0,0,0,0,1,0,1,0,1,0,0,1,0,0,1,0,1,0,0,1,1,0,0,0,1,0,0
170,1,1,0,0,1,1,1,0,0,0,0,1,0,0,0,1,1,0,1,1,1,1,0,0,0,1,1
171,0,0,0,1,1,1,1,0,1,0,0,1,0,0,0,1,1,0,1,1,0,0,0,1,0,1,0
172,1,1,0,1,1,1,1,0,0,0,0,1,0,1,1,1,1,0,1,1,1,1,0,0,1,1,1
173,0,1,0,0,1,1,1,0,1,0,0,1,0,0,0,1,1,0,1,1,0,1,0,0,1,1,0
174,0,0,0,0,1,1,1,0,1,1,0,1,0,0,1,0,0,0,1,0,1,1,0,0,0,1,0
175,1,1,1,1,1,1,1,0,0,0,1,1,1,0,1,1,1,0,1,1,1,1,0,0,1,1,1
176,1,1,0,1,1,1,1,0,1,0,0,1,0,0,1,1,1,0,1,1,1,1,0,1,1,1,1
177,0,1,0,1,1,0,1,0,1,1,0,0,0,0,0,0,1,0,0,0,1,0,0,0,0,1,0
178,0,0,0,0,0,0,1,0,1,1,0,0,0,0,0,0,1,1,0,0,1,0,0,0,1,1,0
179,1,1,0,0,1,1,1,0,1,1,0,1,0,0,0,0,1,0,1,1,1,0,0,0,1,1,1
180,0,1,0,0,1,1,1,0,1,0,0,0,0,0,1,0,1,0,0,1,1,1,0,0,1,1,1
181,1,1,0,1,1,1,1,0,1,0,0,1,0,0,1,1,1,0,1,1,1,1,0,0,0,1,0
182,0,1,0,1,1,1,1,0,1,0,0,1,0,0,1,1,1,0,1,1,1,1,1,1,0,1,1
183,1,0,0,0,1,0,1,0,1,1,0,1,0,0,1,0,1,0,1,1,1,0,0,0,1,1,1
184,1,1,0,0,1,0,1,0,1,0,0,0,0,0,0,1,1,0,0,1,0,0,0,0,0,1,0
185,1,1,0,1,1,1,1,1,1,1,1,1,0,1,1,1,1,1,1,1,1,1,0,1,1,1,1
186,0,0,0,1,1,1,1,0,0,1,0,1,0,0,1,0,1,0,1,1,0,0,0,0,1,1,0
187,0,0,0,0,0,0,0,0,0,0,0,0,0,0,0,0,1,0,1,0,0,0,0,0,0,0,0
188,1,1,0,1,1,1,1,0,1,1,0,1,0,0,1,1,1,0,1,1,1,1,0,1,1,1,1
189,1,1,0,0,1,1,1,0,0,0,0,1,0,0,1,0,1,0,1,1,1,1,0,0,1,1,1
190,0,0,0,0,0,0,0,0,0,0,0,0,0,0,0,0,1,0,1,0,0,0,0,0,0,0,0
191,0,0,0,0,0,0,1,0,0,0,0,0,0,0,0,0,0,0,0,0,0,0,0,0,0,0,0
192,1,0,0,0,1,1,1,0,0,0,0,1,0,0,0,1,1,0,1,1,1,0,0,0,0,1,0
193,0,0,0,0,0,1,1,0,0,0,0,1,1,0,0,0,1,0,1,0,0,0,0,0,0,0,0
194,1,0,0,0,1,0,1,0,1,1,0,1,0,0,1,1,1,0,1,0,0,1,0,0,0,1,1
195,1,1,0,1,1,0,1,0,0,0,0,0,0,0,0,1,1,0,1,1,0,1,0,0,0,1,0
196,1,0,0,1,1,1,1,0,1,0,1,1,0,0,1,1,1,1,1,1,1,0,0,0,1,1,1
197,1,1,0,0,1,1,1,0,1,0,0,1,0,0,1,1,1,0,1,1,1,1,0,0,1,1,1
198,0,0,0,0,0,1,1,0,1,0,0,1,1,0,0,0,1,0,1,0,1,0,0,0,0,1,0
199,1,1,0,1,1,1,1,0,1,1,1,1,0,0,1,1,1,1,1,1,1,1,0,0,0,1,1
200,1,1,0,1,1,1,1,0,1,1,0,1,0,1,1,1,1,0,1,1,1,1,0,1,1,1,1
201,0,1,0,0,1,1,1,0,1,1,0,1,0,0,1,0,1,0,1,1,1,1,0,0,1,1,1
202,0,0,0,0,0,0,1,0,0,1,0,1,0,0,0,0,1,0,0,0,0,0,0,0,0,1,0
203,1,1,0,0,1,1,1,0,0,0,0,1,0,0,0,0,1,0,1,1,0,0,0,0,1,1,1
204,0,0,0,1,1,1,1,0,1,0,0,1,0,0,1,0,1,0,0,1,0,1,0,0,1,1,1
205,1,1,0,1,1,1,1,1,1,1,0,1,1,1,1,1,1,0,1,1,1,1,0,1,1,1,1
206,1,1,0,1,1,1,1,0,1,0,1,1,0,0,1,1,1,0,1,1,1,1,0,0,1,1,1
207,0,0,0,0,0,0,1,0,0,0,0,1,0,0,0,0,0,0,1,1,0,0,0,0,0,0,0
208,0,1,0,1,1,1,1,0,1,1,0,1,0,0,1,0,1,0,0,0,0,0,0,1,1,1,1
209,0,1,0,1,1,0,1,0,0,0,0,0,0,0,1,1,1,0,0,0,1,0,0,0,1,1,0
210,1,1,0,0,1,1,1,1,1,1,0,1,0,0,1,1,1,0,1,1,1,1,0,0,0,1,1
211,1,1,0,1,1,1,1,0,1,1,0,1,0,1,1,1,1,0,1,1,1,1,0,1,1,1,1
212,0,1,0,1,1,1,1,1,1,1,1,1,1,0,1,1,1,0,1,1,1,1,1,1,1,1,1
213,0,1,0,1,1,1,1,0,1,0,0,1,1,0,1,0,1,0,1,1,0,0,0,1,1,1,1
214,0,1,0,0,0,0,1,0,0,0,1,1,0,0,1,0,1,0,1,0,0,0,0,1,0,1,0
215,0,0,0,0,1,0,0,0,0,0,0,1,0,0,0,1,0,0,1,0,0,0,0,0,0,0,0
216,1,1,0,1,1,1,1,1,1,1,1,1,0,1,1,1,1,1,1,1,1,1,0,1,1,1,1
217,1,1,0,1,1,1,1,1,1,1,1,1,1,1,1,1,1,0,1,1,1,1,1,1,1,1,1
218,1,1,0,1,1,1,1,1,0,1,1,1,1,0,1,0,1,0,1,1,1,1,1,1,1,1,1
219,0,0,0,0,0,1,1,0,0,1,0,1,0,0,1,1,1,0,1,1,1,1,0,1,0,1,1
220,1,0,0,0,1,0,1,0,0,1,1,1,0,0,1,0,1,0,1,0,1,0,0,0,0,0,0
221,1,1,0,1,1,1,1,1,1,1,0,1,1,1,1,1,1,1,1,1,1,1,1,1,1,1,1
222,1,0,0,0,1,1,1,0,1,1,0,1,0,0,0,0,1,0,1,1,1,1,0,0,0,1,1
223,0,1,0,1,1,1,1,0,0,1,0,1,0,0,1,1,1,1,0,1,1,0,0,1,1,1,0
224,0,0,0,0,0,0,0,0,0,0,0,0,0,0,0,0,1,0,1,0,0,0,0,0,0,0,0
225,1,1,0,1,1,1,1,1,1,1,1,1,1,1,1,1,1,0,1,1,1,1,0,1,1,1,1
226,0,0,0,1,1,1,1,0,1,0,0,1,0,1,1,0,1,0,1,1,1,1,0,1,1,1,1
227,1,1,0,1,1,1,1,1,1,1,1,1,1,0,1,1,1,0,1,1,1,1,0,1,1,1,1
228,1,1,0,1,1,0,1,0,1,0,0,1,0,0,0,1,1,0,0,0,1,1,0,1,0,1,1
229,1,1,0,1,1,1,1,0,1,0,1,1,0,0,1,1,1,0,1,1,1,1,0,0,1,1,1
230,0,1,0,1,1,1,1,0,1,1,0,1,1,0,1,0,1,0,1,1,1,1,0,1,1,1,1
231,1,1,0,0,1,1,1,0,0,1,0,1,0,0,1,1,1,0,1,1,1,1,0,0,1,0,1
232,1,1,0,0,1,1,1,0,0,0,1,1,1,0,1,1,1,0,1,1,0,1,0,0,1,1,1
233,1,1,0,1,1,1,1,0,1,0,0,1,0,0,1,0,1,0,0,1,1,0,0,0,1,1,1
234,0,1,0,1,1,1,1,0,0,0,0,1,0,0,1,1,1,0,0,1,0,0,0,1,1,1,1
235,1,0,0,0,1,1,1,0,0,0,0,1,0,0,1,1,1,0,0,1,0,1,0,1,0,1,1
236,0,1,1,0,1,1,1,0,1,0,0,1,0,0,1,1,1,1,1,1,1,0,0,0,1,1,1
237,1,1,0,0,1,1,1,0,1,1,0,1,1,0,1,1,1,0,1,1,1,1,0,1,1,1,1
238,1,1,0,1,1,1,1,1,1,1,0,1,0,0,1,1,1,0,1,1,1,1,0,1,1,1,1
239,0,1,0,1,1,1,1,0,0,1,0,1,0,0,1,1,1,0,1,1,1,1,0,1,1,1,0
240,1,1,0,1,1,1,1,0,1,1,0,1,0,1,1,1,1,0,1,1,1,1,0,0,1,1,1
241,1,1,0,1,1,1,1,0,1,0,0,1,0,0,1,1,1,0,0,0,1,1,0,1,0,1,1
242,0,1,0,0,0,0,1,0,0,0,0,1,0,0,1,1,1,0,0,0,1,1,0,0,1,1,1
243,0,0,0,0,0,0,0,0,0,0,0,1,0,0,0,0,1,0,0,0,0,0,0,0,0,1,0
244,0,1,0,1,1,1,1,0,1,1,0,1,0,0,1,1,1,1,1,1,1,1,1,1,1,1,1
245,0,1,0,0,1,0,1,0,0,1,0,1,0,0,1,0,1,0,0,1,0,0,1,0,1,1,0
246,0,0,0,0,0,0,0,0,0,0,0,1,0,0,1,0,0,0,0,0,0,0,0,0,0,1,0
247,1,1,0,0,1,1,1,0,1,0,0,1,0,0,1,1,1,1,1,0,0,0,0,0,0,1,1
248,0,0,0,0,1,0,1,0,1,0,0,1,0,0,0,0,1,0,0,0,1,1,0,0,0,1,0
249,1,1,0,1,1,1,1,0,1,1,0,1,0,0,1,1,1,0,1,1,1,1,0,1,1,1,1
250,0,0,0,0,0,0,1,0,0,0,0,0,0,0,0,0,1,0,1,0,0,0,0,0,0,0,0
251,0,1,0,1,1,1,1,0,1,1,1,1,0,0,1,1,1,0,1,1,1,1,0,1,1,1,1
252,0,1,0,1,1,1,1,0,1,1,0,1,1,0,1,1,1,0,1,1,0,1,0,0,1,1,0
253,1,1,0,1,1,1,1,0,1,1,1,1,1,0,1,1,1,0,1,1,1,1,0,1,1,1,1
254,0,0,0,0,1,1,1,0,0,0,0,1,0,0,1,1,1,0,0,1,0,1,0,0,0,1,0
255,1,0,0,0,1,0,1,0,1,0,0,0,0,0,0,1,1,0,0,0,0,1,0,1,0,1,1
256,1,1,0,1,1,1,1,1,1,1,0,1,0,1,1,1,1,0,1,1,1,1,1,1,1,1,1
257,0,0,0,0,0,0,0,0,0,0,0,0,0,0,0,0,1,0,1,0,0,0,0,0,0,0,0
258,0,1,0,1,1,1,1,1,1,0,1,1,0,0,1,1,1,1,1,1,0,1,0,1,0,1,1
259,1,0,0,1,1,1,1,0,0,1,0,1,0,0,1,1,1,0,1,1,1,1,0,1,1,1,1
260,1,1,0,1,1,1,1,0,1,1,1,1,0,1,1,1,1,1,1,1,1,1,0,1,1,1,1
261,1,1,0,1,1,1,1,0,1,1,0,1,1,0,1,0,1,0,1,1,1,1,0,0,1,1,1
262,0,0,0,1,1,1,1,0,1,0,0,1,0,0,1,0,1,0,0,1,1,0,0,0,1,1,1
263,1,1,0,1,1,1,1,1,1,1,0,1,1,1,1,0,1,0,1,1,1,1,0,1,1,1,1
264,0,1,0,0,1,0,1,0,0,0,1,1,0,0,0,1,0,0,0,0,1,0,0,1,0,1,1
265,0,1,0,1,1,1,1,1,1,0,0,1,0,0,1,1,1,0,0,1,1,1,0,0,1,1,1
266,0,0,0,1,0,0,0,0,0,0,0,1,1,0,0,0,1,0,1,0,0,0,0,0,0,0,0
267,1,1,0,0,1,1,1,0,1,1,0,0,0,0,0,1,1,1,0,0,0,1,0,0,1,1,0
268,0,1,0,1,1,1,1,1,1,1,0,1,0,0,1,1,1,0,0,1,1,1,0,1,1,1,1
269,0,0,0,1,1,1,1,0,1,0,0,1,0,1,1,1,1,0,1,1,1,1,0,0,1,1,1
270,0,1,0,0,1,0,1,0,1,0,0,1,1,0,1,0,1,0,0,1,0,1,0,0,1,1,1
271,0,1,0,1,1,1,1,0,0,0,0,0,0,0,1,1,1,0,0,1,0,1,0,1,0,1,1
272,1,1,0,0,1,1,1,0,1,0,0,0,1,0,1,1,1,0,0,1,0,0,0,0,1,1,0
273,0,0,0,0,0,1,1,0,1,0,0,1,0,0,1,0,1,0,0,0,0,0,0,0,0,1,0
274,0,1,0,0,1,1,1,0,1,0,0,1,1,0,1,0,1,0,1,1,1,1,0,0,1,1,1
275,1,1,1,1,1,1,1,0,1,1,1,1,1,0,1,1,1,0,1,1,1,1,0,1,1,1,1
276,0,1,0,1,1,1,1,0,1,1,0,1,1,0,1,1,1,0,1,1,1,0,1,0,1,1,1
277,1,1,0,1,1,1,1,1,0,1,0,1,1,0,1,1,1,0,0,0,1,1,0,1,1,1,1
278,0,0,0,0,1,0,1,0,0,0,0,1,0,0,0,0,0,0,0,1,0,0,0,0,0,1,1
279,1,1,0,1,1,1,1,0,1,1,0,1,0,0,1,1,1,0,1,1,1,1,0,1,1,1,1
280,1,0,0,0,1,0,1,1,1,0,0,1,0,0,1,1,1,0,0,1,1,0,0,0,1,1,0
281,0,0,0,0,0,0,0,0,1,0,0,0,0,0,0,0,1,0,0,0,0,0,0,0,0,1,0
282,1,1,0,1,1,0,1,1,0,1,0,1,1,0,1,1,1,0,0,1,1,1,0,1,1,1,1
283,1,1,0,0,1,0,1,0,1,0,0,1,0,0,1,1,1,0,1,0,1,1,0,0,0,1,1
284,0,0,0,0,1,0,1,0,1,0,0,0,0,0,0,1,1,0,1,1,0,0,0,0,0,0,0
285,1,1,0,0,1,1,1,0,0,1,0,1,0,0,0,1,1,0,1,0,1,1,0,0,1,1,1
286,1,1,0,1,1,1,1,0,1,0,0,1,0,0,1,1,1,1,1,1,1,1,0,0,1,1,1
287,1,1,0,1,1,1,1,0,0,1,1,1,0,0,1,1,1,0,1,1,1,1,0,1,1,1,1
288,1,1,0,1,1,1,1,1,1,1,1,1,1,1,1,1,1,0,1,1,1,0,0,0,1,1,1
289,0,1,0,0,0,1,1,0,0,1,0,1,0,0,1,0,1,0,1,1,1,0,0,0,1,1,1
290,0,0,0,1,1,1,1,0,1,0,0,1,0,1,1,0,1,0,1,1,1,0,0,0,1,1,0
291,0,1,0,1,1,1,1,0,1,1,0,1,1,0,1,0,1,0,1,1,1,0,0,1,1,1,1
292,1,1,0,1,1,1,1,1,1,1,0,1,0,0,1,1,1,0,1,1,1,1,0,1,1,1,1
293,0,0,0,0,1,1,1,0,1,0,0,1,0,1,1,1,1,0,1,1,1,1,0,0,1,1,1
294,0,0,0,0,1,0,1,0,1,0,0,1,0,0,1,0,0,0,0,0,0,0,0,0,1,1,0
295,1,1,0,0,1,1,1,1,1,0,0,1,0,0,1,1,1,0,1,1,1,1,0,1,1,1,1
296,1,1,0,1,1,1,1,0,0,1,0,1,0,0,1,1,1,1,0,1,1,1,0,1,1,1,1
297,1,1,0,1,1,1,1,0,1,1,0,1,0,0,1,1,1,0,1,1,1,1,0,1,1,1,1
298,1,0,0,1,1,1,1,0,1,1,1,1,0,0,1,1,1,1,1,1,0,0,0,0,1,1,0
299,0,0,0,1,0,0,0,0,1,0,0,1,0,0,0,0,1,0,1,1,0,0,0,0,0,1,0
300,0,1,0,1,1,1,1,1,1,1,0,1,0,0,1,0,1,1,1,1,1,1,0,1,1,1,1
301,1,1,0,1,1,1,1,1,1,1,0,1,0,0,1,1,1,1,1,1,1,1,0,1,1,1,1
302,0,1,0,0,1,1,1,0,1,0,0,1,0,0,1,0,1,0,1,1,1,1,0,0,1,1,1
303,0,0,0,1,0,0,1,0,1,0,1,1,0,0,0,0,1,0,1,0,0,0,0,0,0,1,0
304,1,0,0,1,1,1,1,0,1,1,0,1,0,0,1,1,1,0,1,1,1,0,0,1,1,1,1
305,0,1,0,1,1,1,1,0,1,0,0,1,0,0,1,0,1,0,1,1,1,0,0,1,1,1,1
306,1,1,0,1,1,1,1,1,1,1,1,1,1,0,1,1,1,0,1,1,1,1,0,1,1,1,1
307,1,1,1,1,1,1,1,0,0,1,1,1,1,0,1,1,1,1,1,1,1,1,0,0,1,1,1
308,1,1,0,1,1,1,1,1,0,1,1,1,0,1,1,1,1,0,1,1,1,1,0,1,1,1,1
309,0,0,0,0,0,0,0,0,0,0,0,1,1,0,1,0,0,0,0,1,0,0,0,0,1,1,0
310,0,0,0,1,1,1,1,0,1,1,0,1,1,0,0,0,1,0,1,1,0,0,0,0,0,1,0
311,0,0,0,1,1,1,1,0,1,1,0,1,1,0,0,0,1,0,1,1,1,0,0,0,0,1,0
312,1,1,0,0,1,1,1,0,1,1,0,1,0,0,1,1,1,0,1,1,1,1,0,1,1,1,1
313,0,1,0,0,1,1,1,0,0,1,0,1,0,0,1,1,1,0,0,0,0,1,0,0,0,1,1
314,1,1,0,0,1,1,1,0,1,0,1,1,1,0,1,1,1,0,1,1,1,1,0,0,1,1,1
315,0,0,0,0,0,0,1,0,1,0,0,1,0,0,0,1,1,0,0,1,0,0,0,0,1,0,0
316,0,1,0,0,0,0,1,0,1,0,0,0,0,0,0,0,1,0,0,0,1,0,0,0,1,1,0
317,0,1,0,1,1,0,1,0,1,0,0,1,0,0,0,0,1,0,0,0,1,1,0,0,1,1,1
318,0,0,0,0,0,0,0,0,0,0,0,1,0,0,0,0,1,0,0,0,0,0,0,0,0,1,0
319,0,0,0,0,0,1,1,0,1,0,0,1,0,0,0,0,1,0,1,1,0,0,0,0,1,0,0
320,0,1,0,1,1,1,1,0,1,1,0,1,0,1,1,1,1,0,1,1,1,1,0,1,1,1,1
321,0,0,0,1,0,0,1,0,1,0,0,0,0,0,0,0,1,0,1,0,0,0,0,0,0,1,0
322,0,1,0,1,1,1,1,0,0,1,0,1,0,1,1,0,1,0,1,1,1,0,0,1,1,1,0
323,0,0,0,1,0,1,0,0,0,0,0,1,0,0,0,0,1,0,0,0,0,0,0,0,0,0,0
324,0,1,0,1,1,1,1,0,0,1,1,1,0,0,1,0,1,0,1,0,0,1,0,0,1,1,1
325,0,0,0,0,1,0,0,0,1,0,0,0,0,0,0,0,0,0,1,0,0,1,0,0,0,0,0
326,1,1,0,1,1,1,1,1,1,1,0,1,0,0,0,1,1,1,1,1,1,1,1,1,0,1,1
327,0,0,0,0,0,0,1,0,1,0,0,1,0,1,1,0,1,0,0,1,1,0,0,0,1,1,1
328,0,1,0,1,1,1,1,0,1,1,0,1,1,0,1,1,1,1,1,1,1,0,1,1,1,1,1
329,0,1,0,1,1,1,1,1,1,1,1,1,1,0,1,1,1,1,1,1,1,1,0,1,1,1,1
330,0,0,0,1,0,0,1,0,0,0,0,1,0,0,1,0,1,0,0,1,0,1,0,0,1,1,1
331,0,1,0,1,1,1,1,1,1,1,0,1,0,0,1,0,1,0,1,1,1,1,0,1,1,1,1
332,1,1,0,1,1,1,1,0,1,1,1,1,0,0,1,1,1,0,1,1,1,1,0,0,1,1,1
333,0,0,0,1,0,0,0,0,0,0,0,0,0,0,0,0,1,0,1,1,0,0,0,0,0,1,0
334,0,1,0,1,1,1,1,0,1,1,0,1,0,0,1,0,1,0,1,1,0,1,0,0,1,1,1
335,0,1,0,0,0,1,1,0,1,0,0,0,0,0,1,0,1,0,0,0,0,0,0,0,0,1,0
336,1,1,0,0,1,0,1,0,1,1,0,1,0,1,1,1,1,0,1,1,1,1,0,0,1,1,1
337,0,1,0,0,0,1,1,0,1,0,0,1,0,0,0,1,1,0,1,1,0,0,0,1,1,1,0
338,0,1,0,0,0,1,1,0,1,0,0,1,0,0,0,0,0,0,1,1,0,0,0,0,0,1,1
339,1,0,0,1,1,1,1,0,1,1,0,1,0,0,1,1,1,0,1,1,0,1,0,0,1,1,1
340,1,1,0,1,1,1,1,0,1,1,0,1,0,0,1,1,1,1,1,1,1,1,1,1,1,1,1
341,0,1,0,1,1,0,1,1,0,0,0,1,0,0,1,0,1,0,1,1,1,1,0,0,1,1,1
342,0,0,0,0,0,0,1,0,0,0,0,0,0,0,0,0,1,0,0,0,0,0,0,0,0,0,0
343,0,0,0,0,1,0,1,0,0,0,0,1,0,0,1,0,1,0,1,1,1,0,0,1,1,1,0
344,0,1,0,1,1,1,1,0,1,0,0,1,0,1,1,0,1,1,1,1,1,0,0,0,1,1,1
345,1,1,0,1,1,1,1,0,1,1,1,1,1,0,1,1,1,1,1,1,1,1,1,0,1,1,1
346,0,1,0,1,1,1,1,0,1,0,0,1,0,0,1,0,1,0,0,1,1,1,0,0,1,1,1
347,0,0,0,0,0,0,1,0,1,0,0,0,0,0,0,0,1,0,0,1,0,0,0,0,0,0,0
348,0,1,0,1,1,1,1,0,0,0,1,1,1,0,1,1,1,0,1,1,1,1,0,1,1,1,1
349,1,1,0,1,1,1,1,1,1,1,1,1,1,0,1,1,1,1,1,1,1,1,0,1,1,1,1
350,0,1,0,0,1,1,0,0,1,0,0,1,0,0,0,1,1,0,0,1,0,0,0,0,0,1,1
351,0,1,0,1,1,1,1,0,1,1,0,1,1,0,1,1,1,1,1,1,1,1,0,1,1,1,1
352,0,1,0,1,0,0,1,0,0,0,0,1,0,0,0,0,1,0,0,0,1,1,0,0,1,1,0
353,1,1,0,0,1,1,1,0,0,1,0,1,0,0,1,1,1,0,0,1,1,1,0,1,0,1,1
354,0,1,0,1,1,1,1,0,1,1,0,1,0,1,1,1,1,0,1,1,1,1,1,1,1,1,1
355,1,1,0,1,1,1,1,1,1,1,0,1,0,1,1,0,1,0,1,1,1,1,0,1,1,1,1
356,0,1,0,1,1,1,1,1,1,1,0,1,0,0,1,1,1,0,1,1,1,1,0,1,1,1,1
357,1,1,0,1,1,1,1,1,1,1,1,1,1,1,1,1,1,1,1,1,1,1,0,1,1,1,1
358,1,0,0,0,1,0,1,0,1,0,0,1,0,0,1,0,1,0,0,1,1,0,0,0,1,1,0
359,0,1,0,1,1,1,1,0,0,1,1,1,0,0,1,1,0,1,0,0,1,0,0,1,0,1,1
360,0,0,0,0,0,0,0,0,0,0,0,1,0,0,0,0,1,0,0,0,0,0,0,0,0,1,0
361,1,0,0,1,1,1,1,0,1,1,0,1,0,0,0,0,1,0,1,1,1,1,0,1,1,1,0
362,0,1,0,1,1,1,1,1,0,0,0,1,0,1,1,0,1,0,1,1,1,0,0,1,1,1,1
363,0,0,0,0,0,0,1,0,1,0,0,1,0,0,0,0,1,0,1,0,0,1,0,1,0,1,1
364,1,1,0,1,1,1,1,1,1,1,1,1,0,0,1,0,1,1,1,1,1,0,0,1,1,1,1
365,0,0,0,0,0,0,1,0,1,0,0,1,0,0,1,0,1,1,0,1,0,0,1,0,1,1,1
366,0,1,0,1,1,0,1,0,1,0,0,1,0,0,1,1,1,0,1,1,1,1,0,1,1,1,1
367,1,0,0,1,1,1,1,0,1,1,0,1,1,0,1,0,1,1,1,1,1,1,0,1,1,1,1
368,0,1,0,0,0,0,0,0,1,0,0,1,0,0,0,0,1,0,1,0,0,0,0,0,0,1,0
369,0,1,0,1,1,1,1,0,1,0,1,1,0,0,1,1,1,0,1,1,1,1,0,0,1,1,1
370,1,1,1,1,1,1,1,1,1,1,1,1,1,1,1,1,1,0,1,1,1,1,0,1,1,1,1
371,1,1,0,1,1,1,1,0,1,1,0,1,0,0,1,1,1,0,1,1,1,1,0,1,1,1,1
372,1,1,0,0,1,1,1,0,0,0,0,1,0,0,1,1,1,0,1,1,1,1,0,1,1,1,0
373,1,1,0,0,1,0,0,0,1,0,0,1,0,0,0,1,1,0,1,0,0,1,0,1,0,0,1
374,0,0,0,1,1,1,1,0,0,0,0,1,0,0,1,0,1,0,1,1,0,0,0,0,1,1,1
375,1,1,0,1,1,1,1,0,1,1,0,1,0,0,1,1,1,1,1,1,1,1,1,0,1,1,1
376,0,0,0,1,0,1,1,0,0,0,0,1,0,0,1,0,1,0,0,1,0,0,0,0,1,1,0
377,1,1,0,1,1,1,1,1,1,1,1,1,1,0,1,1,1,1,1,1,1,1,1,1,1,1,1
378,0,1,0,1,1,0,1,0,1,1,0,0,0,0,0,1,1,0,1,0,0,0,0,0,0,1,0
379,0,1,0,1,1,1,1,0,1,1,1,1,0,0,1,1,1,0,1,1,1,1,0,0,1,1,1
380,0,1,0,1,0,0,1,0,0,0,0,1,0,0,1,1,1,0,1,1,1,1,0,1,1,1,1
381,0,0,0,0,0,1,1,0,0,0,0,0,0,0,1,1,0,0,1,1,1,0,0,1,1,1,1
382,0,0,0,0,0,1,1,0,1,0,0,1,0,1,1,0,1,0,0,1,0,0,0,0,0,1,0
383,1,1,0,1,1,1,1,1,1,1,1,1,1,0,1,1,1,1,1,1,1,1,0,0,1,1,1
384,0,1,0,1,1,0,1,0,1,0,0,1,0,0,1,0,1,0,1,1,1,0,0,0,1,1,0
385,1,1,0,1,1,1,1,1,1,1,0,1,0,1,1,1,1,0,1,1,1,1,0,1,1,1,1
386,1,1,0,0,1,1,1,0,1,1,0,1,0,0,1,1,1,0,1,1,1,1,0,1,1,1,1
387,1,0,0,0,1,1,1,0,1,1,0,1,0,0,1,1,1,0,1,0,1,1,0,1,0,1,1
388,0,1,0,0,1,0,1,0,1,0,0,0,0,0,1,0,1,0,1,1,0,1,0,1,1,1,0
389,1,1,0,0,1,0,1,0,1,1,0,1,0,0,1,1,1,0,1,0,1,1,0,0,0,1,1
390,1,1,0,0,1,1,1,1,1,1,0,1,0,1,1,1,1,0,1,1,1,1,0,0,0,1,1
391,1,0,0,0,1,0,1,0,1,1,0,1,0,0,1,1,1,0,1,1,0,1,0,0,1,1,1
392,1,0,0,0,1,0,1,0,1,1,0,1,0,0,1,1,1,0,1,1,0,1,0,0,0,1,1
393,0,1,0,0,1,1,1,0,1,0,0,1,0,1,1,0,1,0,1,1,1,1,0,1,1,1,1
394,1,0,0,0,1,0,1,0,1,1,0,1,0,0,1,1,1,1,1,0,1,1,0,0,0,1,1
395,1,1,0,1,1,0,1,0,1,1,0,1,0,0,1,1,1,0,1,1,1,1,1,0,1,1,1
396,1,1,0,0,1,0,1,1,1,1,0,1,0,0,1,1,1,0,1,1,1,1,0,0,0,1,1
397,0,0,0,0,1,0,1,0,1,1,0,1,0,0,1,1,1,0,1,0,0,1,0,0,0,1,1
398,1,0,0,0,1,0,1,0,1,1,0,1,0,0,1,1,1,0,1,1,1,1,0,0,1,1,1
399,1,1,0,0,1,1,1,1,1,1,0,1,0,0,1,1,1,0,1,1,1,1,0,0,1,1,1
400,1,1,0,1,1,1,1,0,1,1,1,1,0,0,1,1,1,0,1,1,1,1,0,1,1,1,1
401,0,1,0,1,1,0,1,0,0,1,0,1,1,0,1,0,1,0,0,1,1,0,0,0,1,1,0
402,1,0,0,0,1,1,1,0,1,1,0,1,0,0,1,1,1,0,1,0,1,1,0,0,0,1,1
403,0,0,0,0,0,0,1,0,0,0,0,1,0,0,1,0,1,0,0,0,0,0,0,0,0,1,0
404,0,0,0,1,0,0,0,0,1,0,0,1,0,0,1,0,0,0,0,0,0,0,0,0,0,0,0
405,1,0,0,0,1,0,1,0,1,1,0,1,0,0,1,1,1,0,1,0,0,1,0,0,0,1,1
406,1,1,0,1,1,1,1,0,1,1,1,1,0,0,1,1,1,0,1,1,1,1,0,1,1,1,1
407,1,1,0,1,1,1,1,1,1,1,0,1,1,0,1,1,1,1,1,1,1,1,1,1,1,1,1
408,0,0,0,0,0,0,1,0,0,0,0,1,0,0,1,0,0,0,0,0,0,0,0,0,0,1,0
409,1,1,0,1,1,1,1,1,1,1,1,1,1,1,1,1,1,1,1,1,1,1,0,1,1,1,1
410,1,1,0,1,1,0,1,1,1,1,1,1,1,0,1,1,1,0,1,1,1,1,1,0,1,1,1
411,0,0,0,0,1,1,1,0,0,0,1,0,0,0,0,0,1,0,1,1,0,0,0,0,1,1,0
412,1,1,0,1,1,1,1,0,1,1,0,1,0,0,1,1,1,0,1,1,1,1,0,0,1,1,1
413,1,0,0,0,0,0,1,0,0,1,0,1,0,0,1,1,1,0,0,0,1,0,0,0,0,1,0
414,0,0,0,0,0,1,1,0,1,1,0,1,0,0,1,0,1,0,1,1,0,0,0,0,0,1,1
415,0,0,0,0,0,1,1,0,1,0,0,1,0,0,1,0,1,0,1,1,1,0,0,0,0,1,1
416,1,1,0,1,1,1,1,0,1,0,0,1,0,0,1,1,1,0,0,0,1,0,0,1,1,1,1
417,1,1,0,1,1,1,1,0,1,1,0,1,0,0,1,1,1,0,1,1,1,1,0,1,0,1,0
418,0,1,0,1,0,0,1,1,0,0,0,1,0,0,1,1,1,0,1,1,1,1,0,1,1,1,1
419,1,1,0,1,1,1,1,0,1,1,0,1,1,0,1,1,1,0,1,1,1,1,0,0,1,1,1
420,1,1,0,0,0,0,1,0,0,0,0,1,1,0,0,1,1,1,0,0,0,0,0,0,0,1,1
421,0,0,0,0,0,0,1,0,1,0,0,0,0,0,0,0,0,0,0,0,0,0,0,0,0,0,0
422,1,1,0,1,1,1,1,0,1,1,0,1,0,0,1,1,1,0,0,1,1,1,0,1,1,1,0
423,0,0,0,0,0,0,1,0,1,0,0,1,0,0,0,0,1,0,0,0,0,1,0,0,0,1,0
424,0,0,0,0,0,0,0,0,0,0,0,0,0,0,0,0,1,0,0,0,0,0,0,0,0,0,0
425,0,0,0,1,0,0,0,0,1,0,0,1,0,0,0,0,1,0,0,0,0,0,0,0,1,1,0
426,1,1,0,1,1,1,1,0,1,1,0,1,0,0,1,1,1,0,1,1,1,1,0,1,1,1,1
427,1,1,0,1,1,1,1,0,0,1,0,1,0,1,1,1,1,0,1,1,1,1,0,1,1,1,1
428,1,0,0,0,1,1,1,0,1,1,0,1,0,0,0,1,1,0,1,0,1,1,0,0,1,1,1
429,0,1,0,1,0,0,1,0,1,0,0,1,0,0,0,1,1,0,0,0,1,0,0,1,0,1,0
430,1,1,0,1,1,1,1,1,1,1,1,1,0,1,1,1,1,1,1,1,1,1,0,1,1,1,1
431,1,1,0,1,1,1,1,0,1,1,1,1,1,0,1,1,1,1,1,1,1,1,0,1,1,1,1
432,1,1,0,1,1,1,1,1,1,1,1,1,1,1,1,1,1,1,1,1,1,1,1,1,1,1,1
433,1,1,0,1,1,1,1,0,1,1,0,1,0,0,1,1,1,0,1,1,1,1,0,1,1,1,1
434,0,1,0,1,0,0,1,0,1,0,0,1,0,0,1,1,1,0,1,1,1,1,0,1,1,1,1
435,1,0,0,0,1,1,1,0,1,1,0,1,1,0,1,1,1,0,1,1,0,1,1,1,1,1,1
436,0,1,0,1,1,1,1,0,0,0,0,1,0,0,1,1,1,0,1,1,1,0,0,0,0,1,0
437,0,1,0,1,0,1,0,0,1,0,0,1,1,0,0,0,1,0,1,0,1,1,0,0,0,1,1
438,0,1,0,1,1,1,0,0,1,0,0,1,1,0,1,0,1,0,1,0,0,1,0,0,0,0,1
439,1,1,0,1,1,1,1,0,0,0,0,1,0,0,1,1,1,1,1,0,1,1,0,0,0,1,0
440,1,1,0,1,1,1,1,1,1,1,1,1,1,0,1,1,1,1,1,1,1,1,1,1,1,1,1
441,1,1,0,1,1,1,1,1,1,1,1,1,1,1,1,1,1,0,1,1,1,1,0,1,1,1,1
442,1,1,0,1,1,1,1,1,1,1,0,1,1,1,1,1,1,0,1,1,1,1,0,1,1,1,1
443,1,1,0,1,1,1,1,0,1,1,0,1,1,0,1,1,1,0,1,1,1,1,0,1,1,1,1
444,1,1,0,0,1,0,1,0,1,0,0,0,0,0,1,1,1,0,1,1,0,0,0,0,0,1,1
445,1,1,0,1,1,1,1,0,1,1,1,1,0,1,1,1,1,1,1,1,1,1,0,1,1,1,1
446,0,0,0,1,1,0,1,0,0,0,0,1,0,0,0,0,1,0,0,0,1,0,0,0,0,1,0
447,0,0,0,0,1,1,1,0,0,1,0,1,0,0,1,0,1,0,1,0,0,1,0,0,0,1,0
448,0,0,0,1,1,0,1,0,1,0,0,0,0,0,1,1,1,0,1,0,1,0,0,0,1,1,1
449,1,1,0,1,1,1,1,0,1,1,1,1,0,0,1,1,1,1,1,1,1,1,0,1,1,1,1
450,1,0,0,1,0,0,1,0,1,0,0,1,0,0,0,0,1,0,1,0,0,0,1,0,0,1,1
451,0,1,0,0,1,1,1,0,0,1,0,1,0,0,1,0,0,0,0,0,1,0,0,0,0,1,0
452,0,0,0,1,0,0,1,0,1,0,0,1,0,0,0,0,0,0,0,1,1,0,0,0,0,1,1
453,1,1,0,0,1,1,1,0,0,0,0,1,0,0,0,0,1,1,0,0,0,1,0,0,0,1,1
454,1,1,0,1,1,1,1,0,1,1,0,1,1,0,1,1,1,0,0,1,0,1,0,0,0,1,0
455,1,1,0,1,1,1,1,0,1,1,0,1,0,1,1,1,1,0,1,1,1,1,0,1,1,1,1
456,1,1,0,1,1,1,1,0,1,1,0,1,0,1,1,1,1,0,1,1,1,1,0,1,1,1,1
457,1,1,0,1,1,1,1,0,1,1,1,1,0,0,1,1,1,0,1,1,1,0,0,0,1,1,1
458,1,1,0,0,1,1,1,0,1,1,1,1,0,0,1,1,1,1,1,1,1,0,0,0,1,1,0
459,1,0,0,1,1,1,1,0,1,0,0,1,0,0,1,1,1,0,1,1,1,1,0,1,1,1,1
460,0,0,0,0,0,0,0,0,0,0,0,0,0,0,0,0,1,0,0,0,0,0,0,0,0,0,0
461,0,0,0,0,0,1,1,0,1,0,1,1,0,0,1,0,1,0,1,1,1,0,0,0,1,1,0
462,1,1,0,1,1,1,1,1,1,1,0,1,1,0,1,1,1,0,1,1,1,1,0,1,1,1,1
463,0,0,0,1,1,0,1,0,0,0,0,1,0,1,1,0,1,0,1,0,1,1,0,1,1,1,1
464,1,1,0,1,1,1,1,0,1,1,1,1,1,0,1,1,1,1,1,1,1,1,1,1,1,1,1
465,1,1,0,1,1,1,1,1,1,1,1,1,1,0,1,1,1,1,1,1,1,1,0,1,1,1,1
466,1,1,0,1,1,0,1,0,0,0,0,1,0,0,1,1,1,0,1,1,1,1,0,1,1,1,1
467,1,1,0,1,1,1,1,0,1,1,1,1,1,0,1,1,1,1,0,1,1,1,0,1,1,1,0
468,0,1,0,1,1,1,1,0,1,1,0,1,1,0,1,1,1,1,1,1,1,1,0,1,1,1,1
469,0,0,0,0,0,0,0,0,0,0,0,0,0,0,0,0,1,0,1,0,0,0,0,0,0,0,0
470,1,1,0,1,1,1,1,1,1,1,0,1,1,0,1,1,1,0,1,1,1,1,0,1,1,1,1
471,1,1,0,1,1,1,1,0,1,1,1,1,0,0,1,1,1,0,1,1,1,1,0,1,1,1,0
472,1,1,0,1,1,1,1,0,0,1,1,1,0,0,1,1,1,0,1,1,1,1,0,1,1,1,1
473,1,1,0,1,1,1,1,0,1,0,1,1,0,0,1,1,1,0,0,1,1,1,0,0,1,1,1
474,0,1,0,1,1,1,1,0,0,1,0,1,0,0,0,0,1,1,1,1,1,1,0,1,1,1,1
475,1,1,0,1,1,1,1,1,1,1,1,1,0,0,1,1,1,0,1,1,1,1,0,1,1,1,1
476,1,1,0,1,1,1,1,1,1,0,0,1,0,1,1,1,1,0,1,1,1,1,0,0,1,1,1
477,1,0,0,1,1,1,1,1,1,0,0,1,0,0,1,1,1,1,1,1,1,1,0,1,1,1,1
478,0,1,0,0,0,1,1,1,1,0,0,1,0,1,1,0,1,0,1,1,1,0,0,1,1,1,1
479,1,1,0,1,1,0,1,0,0,1,0,1,1,0,1,1,1,0,0,0,1,1,0,1,1,1,1
480,0,1,0,1,0,0,0,0,0,0,0,1,1,0,0,0,1,0,1,0,0,1,0,0,0,1,0
481,1,1,1,1,1,1,1,0,1,1,0,1,1,0,1,1,1,1,1,1,1,1,1,1,1,1,1
482,0,1,0,1,1,1,1,1,1,1,0,1,0,0,1,0,1,1,1,1,1,1,0,0,1,1,1
483,0,1,0,0,1,0,1,0,1,0,0,1,0,0,0,0,0,0,0,1,1,0,0,0,0,1,0
484,1,1,0,1,1,1,1,1,1,1,1,1,1,1,1,1,1,1,1,1,1,1,1,1,1,1,1
485,1,1,0,1,1,1,1,0,1,1,1,1,0,1,1,1,1,0,0,1,1,1,0,1,1,1,0
486,1,1,0,1,1,1,1,1,1,1,0,1,0,1,1,1,1,0,1,1,1,1,0,1,1,1,1
487,0,1,0,1,1,0,1,0,1,1,0,1,0,0,1,1,1,0,1,0,1,1,0,0,1,1,1
488,1,1,0,1,1,1,1,0,1,1,0,1,0,0,1,0,1,0,1,1,1,1,0,1,1,1,1
489,1,1,0,1,1,1,1,1,1,1,1,1,0,1,1,1,1,1,1,1,1,1,0,1,1,1,1
490,1,1,0,0,1,0,1,0,0,0,0,1,0,0,0,1,1,0,0,0,1,1,0,1,0,1,0
491,1,0,0,0,1,1,1,0,1,0,0,1,0,0,1,1,1,0,1,1,1,1,0,0,0,1,1
492,0,1,0,1,0,1,1,0,1,1,0,1,0,0,1,0,1,0,0,1,1,1,0,0,1,1,0
493,1,1,0,1,1,1,1,1,1,0,0,1,0,0,0,1,1,0,1,0,0,1,0,0,0,1,1
494,0,0,0,0,0,0,1,0,1,1,0,1,0,0,0,0,1,0,0,1,0,0,0,0,0,1,0
495,0,0,0,0,0,0,0,0,0,0,0,0,0,0,0,0,1,0,1,0,0,0,0,0,0,0,0
496,1,1,0,1,1,1,1,0,1,0,0,1,0,0,1,1,1,0,1,1,1,1,0,1,1,1,1
497,0,0,0,1,1,0,0,0,0,1,0,1,0,0,1,0,1,1,1,0,0,0,1,0,0,1,1
498,0,1,0,1,1,0,1,0,0,1,0,1,0,0,0,1,1,0,0,0,1,0,0,0,1,1,1
499,1,0,0,0,1,0,1,0,1,0,0,1,0,0,1,0,1,0,0,1,1,1,0,1,0,1,1
500,0,1,0,1,1,1,1,1,1,1,0,1,0,0,1,0,1,0,1,1,1,1,0,1,1,1,1
501,1,1,1,1,1,1,1,1,1,1,1,1,0,1,1,1,1,0,1,1,1,1,0,1,1,1,1
502,0,1,0,0,1,0,1,0,1,1,0,1,0,0,1,0,1,0,0,1,1,0,1,0,1,1,0
503,0,0,0,1,1,1,1,0,0,0,0,1,0,0,0,0,1,0,1,1,1,0,0,0,1,1,0
504,1,1,0,1,1,1,1,1,1,1,0,1,0,0,1,1,1,0,1,1,1,1,0,1,1,1,0
505,0,1,0,1,0,0,1,0,0,0,0,1,0,0,1,1,1,0,1,1,1,1,0,1,1,1,1
506,0,0,0,1,0,0,0,0,1,0,0,1,0,0,1,0,0,0,1,0,0,0,0,0,1,0,0
507,1,1,0,1,1,1,1,0,1,1,0,1,0,0,1,1,1,0,1,1,1,1,0,1,1,1,1
508,1,1,0,1,1,1,1,0,0,1,0,1,0,0,1,1,1,0,0,1,1,1,0,1,1,1,1
509,1,0,0,1,0,0,1,0,0,1,0,1,0,0,0,0,1,0,0,0,1,0,0,0,0,1,0
510,1,1,0,1,1,1,1,1,1,1,1,1,1,1,1,1,1,1,1,1,1,1,1,1,1,1,1
511,0,0,0,0,1,1,1,0,1,1,0,1,0,0,0,1,1,0,0,1,1,1,0,0,0,1,0
512,1,1,0,1,1,1,1,0,1,1,0,1,0,0,1,1,1,0,1,1,1,1,0,1,1,1,1
513,0,1,0,1,1,1,1,0,1,0,0,1,0,0,1,0,1,0,1,1,0,1,0,1,0,1,1
514,1,1,0,1,1,1,1,0,1,1,1,1,0,0,1,1,1,0,1,1,1,1,0,1,1,1,1
515,1,0,0,0,1,1,1,0,1,1,0,1,0,0,0,1,1,0,1,1,1,0,0,0,0,1,1
516,1,1,0,1,1,1,1,0,1,0,0,1,0,0,1,1,1,0,1,1,1,1,0,1,1,1,1
517,0,0,0,0,1,1,1,0,0,1,0,1,0,0,1,0,1,0,1,0,1,1,0,0,1,1,0
518,1,1,0,1,1,1,1,0,1,1,0,1,0,0,1,1,1,0,1,1,1,1,0,1,1,1,1
519,1,1,0,1,1,1,1,0,1,1,0,1,0,0,1,1,1,1,1,1,1,1,1,1,1,1,1
520,1,1,0,1,1,0,1,1,1,1,0,1,1,0,1,1,1,0,0,0,1,1,0,0,1,1,1
521,0,0,0,1,1,0,1,0,0,0,0,1,0,0,1,1,1,0,0,1,1,1,0,0,1,1,1
522,1,1,0,1,1,1,1,1,1,1,1,1,0,0,1,1,1,1,1,1,1,1,0,1,1,1,1
523,1,1,0,1,1,1,1,1,1,1,1,1,1,0,1,1,1,0,1,1,1,1,0,1,1,1,1
524,0,1,0,1,1,1,0,0,1,1,0,1,1,1,1,0,1,0,0,1,1,0,0,0,1,1,0
525,0,0,0,0,1,0,1,0,0,0,0,1,0,0,1,0,0,0,1,0,1,0,0,0,1,1,0
526,0,1,0,0,0,1,1,0,0,0,0,0,1,0,1,0,0,0,0,1,1,1,0,0,1,1,1
527,0,0,0,0,0,0,0,0,0,0,0,1,0,0,0,0,1,0,0,0,0,0,0,0,0,1,0
528,1,1,0,0,1,1,1,0,1,0,0,1,0,0,1,1,1,0,1,1,1,0,0,0,1,1,1
529,0,0,0,1,0,1,1,0,0,0,0,1,0,0,1,0,1,0,0,1,1,1,0,0,1,1,1
530,1,1,0,1,1,1,1,1,1,1,1,1,1,0,1,1,1,1,1,1,1,1,1,1,1,1,1
531,0,1,0,1,1,1,1,0,1,0,1,1,1,0,1,1,1,0,1,1,1,1,0,1,1,1,1
532,0,0,0,0,0,1,0,0,0,0,0,0,0,0,0,0,0,0,0,1,0,0,0,0,0,0,0
533,1,1,0,1,1,1,1,0,1,0,1,1,0,0,1,1,1,0,1,1,1,1,0,1,1,1,1
534,0,0,0,0,1,1,1,0,1,0,0,0,0,1,1,1,1,0,0,0,0,0,0,0,1,1,0
535,0,0,0,1,1,0,0,0,0,0,0,1,0,0,1,0,1,0,1,0,1,0,0,0,1,1,0
536,1,1,0,1,1,1,1,0,1,1,0,1,1,0,1,1,1,0,1,1,1,1,0,1,1,1,1
537,0,1,0,1,1,1,1,0,0,1,0,1,0,0,1,1,1,1,0,1,1,1,0,1,1,1,0
538,1,1,0,0,1,0,1,0,0,0,0,1,0,0,1,0,0,0,0,1,0,0,0,0,1,1,1
539,0,0,0,0,0,0,0,0,0,0,0,1,0,0,0,0,1,0,1,0,0,0,0,0,0,1,0
540,0,0,0,1,0,0,0,0,0,0,0,0,0,0,1,0,1,0,1,1,0,0,0,0,0,1,0
541,1,1,0,1,1,1,1,1,1,1,1,1,1,1,1,1,1,0,1,1,1,1,1,1,1,1,1
542,0,1,0,0,1,1,1,0,1,1,0,1,0,0,1,1,1,0,0,1,0,1,0,0,1,1,0
543,1,1,0,0,1,1,1,0,1,1,1,1,1,0,1,1,1,0,1,1,1,1,0,1,1,1,1
544,0,1,0,0,1,1,1,1,0,0,0,1,0,0,1,1,0,0,0,0,0,1,0,0,0,1,1
545,0,1,0,0,0,1,1,0,0,0,0,1,0,0,1,0,1,0,1,1,1,1,0,1,1,1,0
546,0,0,0,0,1,1,1,0,0,0,0,1,0,0,1,0,1,0,1,0,1,0,0,1,1,1,0
547,1,1,0,1,1,0,1,0,1,0,0,1,0,0,0,0,1,1,1,0,1,1,0,1,1,1,1
548,1,1,0,0,1,0,1,0,1,0,0,0,0,0,0,0,1,0,1,0,0,0,0,1,1,1,1
549,0,1,0,1,1,1,1,1,1,1,1,1,0,0,1,1,1,0,1,1,1,1,0,1,1,1,1
550,1,1,0,1,1,1,1,0,1,1,1,1,0,0,1,0,1,1,1,1,1,0,0,0,1,1,0
551,1,1,0,1,1,1,1,0,1,1,1,1,1,0,1,1,1,1,1,1,1,1,0,0,1,1,1
552,0,1,0,0,1,1,1,0,1,0,0,1,0,0,0,0,1,0,1,1,1,1,0,1,0,1,1
553,1,1,0,1,1,1,1,0,1,1,1,1,0,0,1,0,1,1,1,1,1,0,0,0,1,1,0
554,1,1,0,1,1,0,1,0,0,0,0,1,0,1,1,1,1,0,1,1,1,1,1,0,1,1,1
555,1,1,0,1,1,1,1,0,1,1,1,1,1,0,1,1,1,1,1,1,1,1,0,1,1,1,1
556,1,1,0,1,1,0,1,0,0,0,0,1,0,0,0,1,1,0,0,0,1,1,0,1,0,1,1
557,1,1,0,1,1,1,1,0,1,0,0,1,0,0,0,1,1,1,1,1,1,1,0,0,1,1,1
558,0,1,0,1,1,1,1,1,1,1,0,1,0,0,0,1,1,0,0,1,1,1,0,0,0,1,0
559,0,0,0,1,1,1,1,0,0,0,1,1,0,0,0,1,1,0,0,0,1,0,0,0,0,1,0
560,0,0,0,0,0,1,1,0,1,0,1,1,1,0,0,1,1,0,1,1,1,0,0,0,0,1,1
561,1,1,0,1,1,1,1,0,1,1,0,1,0,0,1,1,1,0,1,1,1,1,0,1,1,1,1
562,1,1,0,1,1,1,1,0,1,0,1,1,0,0,1,1,1,0,1,1,1,1,0,1,1,1,1
563,1,1,0,1,1,1,1,0,0,0,1,1,0,0,1,1,1,0,1,1,0,0,0,0,1,1,1
564,1,1,0,1,1,1,1,0,1,1,0,1,0,0,1,1,1,0,1,1,1,1,0,1,1,1,1
565,1,1,0,1,1,1,1,1,1,1,1,1,1,1,1,1,1,1,1,1,1,1,1,1,1,1,1
566,1,0,0,1,1,1,1,0,1,1,0,1,0,1,1,1,1,0,1,1,1,1,0,1,1,1,1
567,1,1,0,1,1,1,1,0,1,1,1,1,1,1,1,1,1,1,1,1,1,1,0,1,1,1,1
568,1,1,0,1,1,1,1,1,1,1,0,1,0,1,1,1,1,0,1,1,1,1,1,1,1,1,1
569,0,1,0,0,1,1,1,0,0,0,0,1,0,0,1,1,1,0,1,1,1,1,0,0,1,1,0
570,1,1,0,1,1,0,1,0,1,1,0,1,0,0,1,1,1,0,1,1,1,1,0,1,1,1,1
571,1,1,0,1,1,1,1,1,1,1,1,1,1,1,1,1,1,0,1,1,1,1,1,1,1,1,1
572,0,1,0,1,1,1,1,0,1,1,0,1,0,0,1,0,1,0,1,1,1,1,0,1,1,1,1
573,0,0,0,0,1,1,0,0,1,1,1,1,0,0,1,0,1,0,1,1,1,0,0,0,0,1,1
574,0,0,0,0,1,1,1,0,1,0,0,1,0,0,1,0,1,0,0,1,0,0,0,0,1,1,0
575,0,0,0,1,0,0,1,0,0,0,0,1,0,0,0,1,1,0,0,0,1,0,0,1,1,1,0
576,1,1,0,1,1,1,1,0,1,1,0,1,0,0,1,1,1,0,1,1,1,1,0,1,1,1,1
577,1,1,0,0,1,1,1,0,1,1,0,1,0,0,1,1,1,0,1,1,1,1,0,0,1,1,1
578,1,1,0,1,1,1,1,0,1,0,0,1,0,0,1,1,1,0,1,1,1,0,0,0,1,1,0
579,1,1,0,0,1,1,1,0,1,1,0,1,0,0,0,1,1,0,1,1,0,1,0,0,0,1,1
580,1,1,0,1,1,1,1,0,1,1,1,1,0,0,1,1,1,0,1,1,1,1,1,1,1,1,1
581,1,1,0,0,1,0,1,0,1,0,0,1,0,0,1,1,1,0,0,1,1,1,0,1,1,1,1
582,1,1,0,1,1,1,1,0,1,0,1,1,0,0,1,1,1,1,1,1,1,1,0,1,1,1,1
583,1,1,0,1,1,1,1,0,1,0,1,1,0,0,1,1,1,1,1,1,1,1,0,1,1,1,1
584,0,1,0,1,1,1,1,0,1,1,0,1,0,0,1,0,1,0,1,0,1,1,0,1,1,1,1
585,1,1,0,1,1,1,1,0,1,1,0,1,0,0,1,1,1,0,1,1,1,1,0,0,1,1,1
586,0,1,0,1,0,0,1,0,1,1,0,1,0,1,1,0,1,1,0,1,1,0,0,1,1,1,1
587,0,0,0,0,0,0,0,0,0,0,0,0,0,0,0,0,1,0,1,0,0,0,0,0,0,0,0
588,0,1,0,1,1,1,1,0,1,1,0,1,1,0,1,1,1,0,1,1,1,0,0,1,1,1,1
589,0,0,0,1,0,1,1,0,0,0,0,1,0,0,1,0,1,0,0,1,1,0,0,0,1,1,0
590,0,1,1,1,1,1,1,0,1,0,0,1,0,0,0,0,1,0,1,1,1,0,0,1,0,1,1
591,0,0,0,1,0,0,0,0,0,0,0,1,0,1,0,0,1,0,0,1,0,0,0,0,0,1,0
592,0,0,0,1,0,0,0,0,1,0,0,1,1,0,0,0,1,0,1,0,0,0,0,0,0,1,1
593,1,1,0,1,1,1,1,0,1,0,0,1,0,0,1,1,1,1,1,1,1,0,1,0,1,1,1
594,1,1,0,1,1,1,1,1,1,1,1,1,1,1,1,1,1,1,1,1,1,1,1,1,1,1,1
595,1,0,0,0,1,0,1,0,1,1,0,0,1,0,1,1,1,0,0,0,1,0,0,0,0,1,0
596,1,1,0,1,1,1,1,0,1,1,0,1,1,0,1,1,1,1,1,1,1,1,0,0,1,1,1
597,0,0,0,0,0,0,0,0,1,0,0,0,0,0,0,0,1,0,1,0,0,0,0,0,0,0,0
598,0,1,0,1,1,1,1,1,1,0,0,1,0,0,1,1,1,0,0,1,1,0,0,0,1,1,0
599,1,1,0,1,1,1,1,0,1,1,0,1,0,1,1,1,1,0,1,1,1,1,0,1,1,1,1
600,1,1,0,0,1,0,1,0,0,1,1,1,0,0,1,1,1,0,1,1,1,1,0,0,0,1,1
601,0,1,0,1,1,1,1,1,1,0,1,1,1,0,1,0,1,0,1,1,1,0,0,0,0,1,1
602,1,1,0,1,1,1,1,0,1,1,1,1,0,0,1,1,1,0,1,1,1,1,0,1,1,1,1
603,1,1,0,1,1,1,1,1,1,1,1,1,1,1,1,1,1,1,1,1,1,1,1,1,1,1,1
604,0,1,0,0,0,0,1,0,1,0,0,1,0,0,0,0,1,0,0,1,1,0,0,0,0,1,1
605,0,1,0,1,1,1,1,0,0,0,0,1,0,0,1,1,1,0,1,1,1,1,0,1,1,1,1
606,0,0,0,0,1,1,1,0,0,0,0,1,0,0,1,1,1,0,1,1,0,0,0,0,0,1,1
607,0,0,0,0,0,0,1,0,0,0,0,0,0,0,1,0,0,0,0,0,0,1,0,0,1,1,0
608,0,1,0,1,1,1,1,0,1,1,1,1,0,0,1,1,1,0,1,1,1,1,0,0,1,1,1
609,0,1,0,1,1,1,1,0,0,0,1,1,1,0,1,1,1,1,1,1,1,1,0,0,1,1,1
610,0,1,0,1,1,1,1,1,1,1,0,1,1,1,1,0,1,0,1,1,1,1,0,1,1,1,1
611,1,1,0,1,1,1,1,0,1,1,1,1,1,1,1,1,1,1,1,1,1,1,0,0,1,1,1
612,1,1,0,1,1,1,1,0,1,1,0,1,0,0,1,1,1,1,1,1,1,1,1,1,1,1,1
613,1,1,0,1,1,1,1,0,1,1,1,1,1,0,1,1,1,1,1,1,1,1,0,1,1,1,1
614,1,1,0,0,1,0,1,0,1,0,1,1,0,0,1,1,1,0,1,1,0,1,0,0,1,1,1
615,1,1,0,1,1,1,1,1,1,1,0,1,0,0,1,1,1,1,0,0,1,1,0,1,1,1,1
616,1,1,0,1,1,1,1,0,1,1,1,1,1,0,1,1,1,1,1,1,1,1,0,1,1,1,1
617,1,1,0,1,1,1,1,1,1,1,1,1,1,1,1,1,1,0,1,1,1,1,0,1,1,1,1
618,1,1,0,1,1,1,1,0,1,0,0,1,0,0,1,1,1,0,1,1,1,1,0,1,1,1,1
619,1,1,0,1,1,1,1,1,1,1,1,1,1,1,1,1,1,0,1,1,1,1,1,1,1,1,1
620,1,1,0,1,1,1,1,1,1,1,0,1,1,0,1,1,1,1,1,1,1,1,0,1,1,1,1
621,1,1,0,0,1,1,1,0,1,1,1,1,0,0,1,1,1,0,1,1,1,1,0,1,1,1,1
622,0,0,0,0,1,1,1,0,1,1,0,1,0,1,1,0,0,0,0,1,0,0,0,0,1,1,0
623,1,1,0,1,1,1,1,0,1,1,1,1,0,0,1,1,1,0,1,1,1,1,0,1,1,1,1
624,1,1,0,1,1,1,1,0,1,1,0,1,0,0,1,0,1,0,1,1,1,1,0,1,1,1,1
625,1,1,0,1,1,1,1,0,1,0,0,1,0,0,1,1,1,0,0,1,1,1,0,1,0,1,1
626,1,1,0,1,1,1,1,0,1,0,0,1,0,0,1,1,1,0,1,1,1,1,0,0,1,1,1
627,0,1,0,0,1,1,1,0,1,0,0,1,0,0,1,0,1,0,0,1,0,1,0,0,1,1,0
628,1,1,0,1,1,1,1,1,1,1,1,1,1,0,1,1,1,1,1,1,1,1,0,1,1,1,1
629,1,1,0,1,1,1,1,1,1,1,0,1,1,1,1,1,1,1,1,1,1,1,0,0,1,1,1
630,1,1,0,1,1,1,1,0,1,0,0,1,1,0,1,1,1,1,1,1,1,1,0,1,1,1,1
631,0,1,0,1,1,1,1,0,1,1,0,1,0,0,1,0,1,0,1,1,1,1,0,0,1,1,1
632,1,1,0,1,0,1,1,0,1,0,0,1,1,0,1,1,1,1,0,1,1,1,0,1,0,1,1
633,1,1,0,1,1,1,1,0,1,1,0,1,1,0,1,1,1,0,1,1,1,1,0,1,1,1,1
634,0,1,0,1,1,1,1,0,1,1,0,1,0,0,1,0,1,0,1,1,1,1,1,0,1,1,1
635,1,1,0,1,1,1,1,0,1,0,1,1,0,0,1,1,1,0,1,1,1,1,0,0,1,1,1
636,1,1,0,1,1,1,1,0,1,1,1,1,1,0,1,1,1,0,1,1,1,1,0,1,1,1,1
637,1,1,0,1,1,1,1,1,1,1,1,1,1,1,1,1,1,1,1,1,1,1,1,1,1,1,1
638,1,1,0,1,1,1,1,0,1,0,0,1,0,0,1,1,1,0,1,1,1,1,0,1,1,1,1
639,1,0,0,0,1,1,1,0,1,0,0,1,0,0,0,1,1,0,1,0,1,1,0,0,0,1,0
640,0,0,0,0,0,0,0,0,1,0,0,1,0,0,1,0,1,0,0,0,0,0,0,0,0,1,1
641,0,1,1,1,1,1,1,1,1,1,0,1,1,0,1,1,1,0,1,1,1,1,0,1,1,1,1
642,0,1,0,1,1,1,1,0,1,1,0,1,0,0,1,0,1,0,1,1,1,1,0,1,1,1,1
643,0,0,0,1,1,1,1,0,1,0,0,1,0,0,1,1,1,0,1,1,1,0,0,0,0,1,0
644,0,1,0,0,1,0,1,0,0,0,0,0,0,0,1,0,0,0,0,0,1,0,0,0,1,1,0
645,1,1,0,0,1,1,1,0,0,0,0,1,0,0,0,1,1,1,1,1,0,1,0,0,0,1,1
646,1,1,0,0,1,1,1,1,1,1,1,1,1,0,0,1,1,1,1,1,1,1,0,0,0,1,1
647,0,1,0,1,1,1,1,0,1,1,0,1,0,0,1,1,1,0,1,1,1,1,0,1,1,1,0
648,0,0,0,1,0,1,1,0,0,0,0,1,1,0,1,0,1,0,1,0,0,0,0,0,0,1,0
649,1,1,0,1,1,1,1,0,1,1,0,1,1,0,1,1,1,1,0,1,1,1,1,1,1,1,1
650,1,1,0,1,1,1,1,0,0,1,0,1,0,0,0,1,1,0,1,1,1,1,0,1,1,1,1
651,0,0,0,0,0,0,1,0,0,0,0,1,0,0,1,0,0,0,0,1,1,0,0,0,1,1,1
652,0,1,0,0,1,0,1,0,1,0,0,1,0,0,1,0,1,0,1,0,0,0,0,0,0,1,1
653,0,0,0,0,0,1,1,0,0,0,0,1,0,0,0,0,0,1,1,0,0,0,0,1,0,1,0
654,0,0,0,0,0,0,0,0,0,0,0,0,0,0,0,0,1,0,0,0,0,0,0,0,0,0,0
655,0,1,0,0,1,1,1,0,0,0,0,1,0,0,1,0,1,0,1,1,0,0,0,0,0,1,1
656,0,0,0,1,0,0,1,0,1,0,0,1,0,0,1,0,1,0,0,1,0,0,0,0,0,1,1
657,0,0,0,1,0,0,1,0,1,0,0,1,0,0,1,0,1,0,0,1,0,0,0,0,0,1,1
658,1,1,0,1,1,1,1,1,1,1,1,1,1,0,1,1,1,1,1,1,1,1,0,1,1,1,1
659,0,1,0,1,1,1,1,0,1,1,0,1,0,0,1,0,1,1,1,0,0,0,1,0,0,1,0
660,0,0,0,1,1,0,1,0,0,0,0,1,0,1,1,0,1,1,1,1,1,1,0,0,1,1,1
661,0,0,0,1,1,0,1,0,1,0,0,0,0,0,1,0,1,0,0,1,0,1,0,0,1,1,0
662,1,1,0,1,1,1,1,0,1,0,0,1,0,0,1,1,1,0,1,1,1,1,0,0,1,1,1
663,1,1,0,1,1,1,1,0,1,1,0,1,0,0,1,1,1,0,1,1,1,1,0,1,1,1,0
664,1,1,0,1,1,1,1,0,1,1,0,1,1,0,1,1,1,1,1,1,1,1,0,1,1,1,1
665,0,0,0,1,1,0,0,0,1,0,0,1,0,0,0,0,1,0,1,0,0,0,0,0,0,0,0
666,1,1,0,1,1,1,1,0,1,0,0,1,0,0,1,1,1,0,0,0,1,1,0,1,0,1,0
667,1,1,0,1,1,1,1,1,1,1,1,1,1,1,1,1,1,0,1,1,1,1,0,1,1,1,1
668,1,1,0,1,1,1,1,0,1,0,0,1,0,0,1,1,1,1,0,1,1,0,0,1,1,1,1
669,1,1,0,1,1,1,1,0,1,1,1,1,0,0,1,1,1,0,1,1,1,1,0,0,0,1,1
670,0,0,0,0,0,0,1,0,1,0,0,0,0,0,1,0,1,0,0,0,1,0,0,0,0,1,1
671,0,1,0,1,1,1,1,0,1,1,0,1,0,0,1,1,1,0,1,1,1,1,0,1,1,1,1
672,1,1,0,1,1,1,1,1,1,1,1,1,1,0,1,1,1,1,1,1,1,1,0,1,1,1,1
673,1,1,0,1,1,1,1,0,1,1,1,1,1,1,1,1,1,0,1,1,1,1,0,1,1,1,1
674,1,1,0,1,1,1,1,0,0,1,0,1,0,0,1,1,1,0,0,1,1,1,0,0,1,1,1
675,0,1,0,1,1,1,1,0,1,0,0,1,0,1,1,1,1,1,1,1,1,1,1,1,1,1,1
676,1,1,0,0,1,0,1,0,1,1,1,1,0,0,1,1,1,1,1,0,0,1,0,0,1,1,1
677,0,0,0,1,0,0,0,0,0,0,0,1,0,0,0,0,0,0,1,0,0,0,0,0,0,0,0
678,1,1,0,1,1,1,1,0,1,1,1,1,1,0,1,1,1,1,1,1,1,1,0,1,1,1,1
679,1,1,0,1,1,0,1,0,1,1,0,1,1,0,1,1,1,0,1,1,1,1,0,1,1,1,1
680,1,1,0,1,1,1,1,0,1,1,1,1,1,1,1,1,1,1,1,1,1,1,0,1,1,1,1
681,1,1,0,1,1,1,1,0,1,1,0,1,1,0,1,1,1,1,1,1,1,1,0,1,1,1,1
682,1,1,0,0,1,1,1,0,1,1,0,1,0,0,1,1,1,1,1,1,1,1,0,1,1,1,1
683,0,1,0,1,1,1,1,1,1,1,1,1,1,0,1,1,1,0,1,1,1,1,0,1,1,1,1
684,1,1,0,0,0,0,1,0,1,0,0,0,0,0,0,0,1,0,1,0,0,0,0,0,0,1,0
685,1,1,0,1,1,1,1,0,1,1,1,1,0,0,1,1,1,0,1,1,1,1,0,1,1,1,1
686,0,1,0,1,1,1,1,0,1,0,0,1,0,0,1,1,1,0,1,1,1,1,0,1,1,1,1
687,0,0,0,1,1,1,1,0,1,0,0,1,1,0,1,0,1,0,0,1,1,1,0,0,1,1,1
688,0,1,0,1,1,1,1,0,1,1,0,1,0,1,1,1,1,1,1,1,1,1,0,1,1,1,1
689,0,0,0,1,1,1,1,0,1,1,0,1,1,1,1,0,1,1,1,1,1,1,0,1,1,1,1
690,0,0,0,0,1,1,1,0,1,0,0,1,0,1,1,1,1,0,1,1,0,1,0,0,1,1,1
691,1,1,0,1,1,1,1,0,1,0,0,1,0,1,1,0,1,0,1,1,1,1,0,1,1,1,1
692,0,0,0,1,1,0,0,0,1,0,0,0,0,0,0,0,1,0,1,0,0,0,0,0,0,1,1
693,0,1,0,1,1,1,1,0,1,0,0,1,0,1,1,1,1,0,1,1,1,1,0,1,1,1,1
694,0,0,0,0,1,1,1,0,1,0,0,1,0,1,1,1,1,0,0,1,1,1,0,0,1,1,1
695,1,1,0,1,1,1,1,0,1,0,0,1,0,1,1,0,1,0,1,1,0,1,0,1,1,1,0
696,0,0,0,1,1,1,1,0,0,0,0,1,1,0,1,0,1,0,0,0,1,0,0,1,1,1,0
697,0,0,0,1,1,1,1,1,1,1,0,1,0,0,1,0,1,1,1,1,1,1,1,1,1,1,0
698,1,1,0,1,1,1,1,1,1,1,1,1,1,1,1,1,1,1,1,1,1,1,0,1,1,1,1
699,1,1,0,1,1,1,1,1,1,1,0,1,0,0,1,1,1,0,1,1,1,1,0,1,1,1,1
700,1,1,0,1,1,1,1,0,1,0,1,1,0,1,1,1,1,0,1,1,1,1,0,1,1,1,1
701,0,0,0,0,0,0,1,1,1,1,1,1,1,0,1,0,1,1,1,0,0,0,1,0,0,1,1
702,0,0,0,1,0,0,1,0,0,0,0,1,0,0,0,0,1,0,0,0,1,0,0,0,0,1,1
703,0,0,0,1,0,0,1,0,0,1,0,1,1,0,1,0,1,0,0,0,1,1,0,0,1,1,1
704,1,1,0,0,1,1,1,0,0,0,0,1,0,0,1,0,1,0,0,1,1,0,0,0,1,0,1
705,1,1,0,0,1,1,1,0,1,1,0,1,0,0,1,1,1,0,0,0,1,0,0,0,0,1,1
706,0,1,0,1,0,1,0,0,1,0,0,1,0,0,1,0,1,1,1,1,1,0,0,0,0,1,1
707,0,0,0,1,1,0,1,0,0,0,0,1,0,0,1,0,1,0,0,1,1,0,0,1,1,1,1
708,0,0,0,0,0,0,1,0,0,0,0,1,0,0,1,1,1,0,0,0,0,0,0,0,1,1,0
709,0,0,0,1,0,0,0,0,1,0,0,1,0,0,0,0,1,0,0,0,0,0,0,0,0,1,0
710,0,1,0,0,0,0,1,0,0,0,0,1,0,0,1,0,1,0,0,1,0,0,0,0,1,1,0
711,1,1,0,1,1,1,1,0,1,1,0,1,0,0,1,1,1,0,0,1,1,1,0,0,1,1,0
712,1,1,0,1,1,1,1,0,1,1,0,1,1,0,1,1,1,1,1,1,1,1,0,1,1,1,1
713,0,1,0,0,1,1,1,0,1,0,0,0,0,0,0,0,1,0,1,1,0,0,0,0,0,1,0
714,0,1,0,1,1,1,1,0,1,0,0,1,0,0,1,0,1,0,1,1,0,1,0,0,1,1,1
715,1,1,0,1,1,1,1,0,1,1,1,1,1,0,1,1,1,0,1,1,1,0,0,0,1,1,1
716,1,1,0,1,1,1,1,0,1,1,0,1,0,1,1,1,1,0,1,1,1,1,0,1,1,1,1
717,0,0,0,0,0,0,1,0,0,0,0,0,0,0,1,1,0,0,0,1,0,0,0,0,1,1,0
718,1,1,0,1,1,0,1,0,0,0,0,1,0,0,1,1,1,0,1,1,1,1,0,0,0,1,0
719,0,0,0,1,1,0,0,0,1,0,0,1,0,0,1,0,1,0,1,0,0,0,0,0,0,0,1
720,1,1,0,1,1,1,1,0,1,1,1,1,0,1,1,1,1,1,1,1,1,1,1,1,1,1,1
721,0,1,0,1,1,1,1,0,1,0,0,1,0,0,1,0,1,0,1,1,1,1,0,1,1,1,1
722,0,0,0,0,0,0,0,0,0,0,0,1,0,0,0,0,1,1,0,0,0,0,0,0,0,0,0
723,0,0,0,0,0,0,1,0,0,0,0,0,0,0,1,0,1,0,0,0,1,0,0,0,1,1,0
724,1,1,0,0,1,0,1,0,0,0,0,1,0,0,1,1,0,0,0,0,1,0,0,0,0,0,0
725,1,1,0,1,1,1,1,0,1,1,0,1,1,0,1,1,1,0,0,1,1,1,0,1,1,1,0
726,0,1,0,0,0,1,1,0,0,0,0,1,0,0,0,0,0,0,0,0,0,0,0,0,0,0,0
727,1,1,0,1,1,1,1,0,1,1,0,1,1,1,1,1,1,0,1,1,1,1,1,1,1,1,1
728,1,1,0,1,1,1,1,1,1,1,1,1,1,1,1,1,1,0,1,1,1,1,0,1,1,1,1
729,1,1,0,1,1,1,1,0,1,1,1,1,1,1,1,1,1,1,1,1,1,1,0,1,1,1,1
730,1,0,0,1,0,1,0,0,0,0,0,1,0,0,1,0,1,0,1,1,0,0,0,0,1,1,0
731,1,1,0,1,1,1,1,1,1,1,1,1,1,1,1,1,1,1,1,1,1,1,0,1,1,1,1
732,1,1,0,1,1,1,1,1,1,1,1,1,1,0,1,1,1,0,1,1,1,1,0,1,1,1,1
733,0,1,0,1,0,0,0,0,1,0,0,1,1,0,0,0,1,0,1,1,0,1,0,0,0,1,0
734,0,1,0,1,1,1,1,0,0,1,0,1,1,0,1,1,1,0,1,0,1,1,0,1,1,1,1
735,1,1,0,1,1,1,1,1,1,1,1,1,1,1,1,1,1,0,1,1,1,1,0,1,1,1,1
736,0,1,0,1,0,0,1,0,1,1,0,1,0,0,1,0,1,0,1,1,1,0,0,0,1,1,0
737,0,0,0,1,0,0,1,0,0,0,0,1,0,0,0,0,1,0,1,1,0,0,0,0,0,1,0
738,1,0,0,0,1,0,1,0,1,1,0,1,0,0,1,1,1,0,0,0,0,1,0,0,1,1,0
739,1,0,0,1,0,1,1,1,0,0,0,1,0,0,1,0,1,0,0,1,1,1,0,0,1,1,1
740,0,1,0,0,0,0,1,0,0,0,1,1,0,0,0,1,1,0,0,0,0,1,0,0,0,0,0
741,1,0,0,0,1,0,1,0,1,1,0,1,0,0,1,1,1,0,1,0,0,1,0,1,1,0,0
742,1,1,0,1,1,1,1,0,1,1,0,1,0,0,1,1,1,1,1,1,1,1,0,1,1,1,1
743,1,1,0,1,1,1,1,0,1,1,1,1,1,0,1,1,1,1,1,1,1,1,0,1,1,1,1
744,1,1,0,0,1,1,1,0,1,1,1,1,0,0,0,1,1,0,1,0,0,1,0,0,0,0,0
745,0,1,0,1,1,1,1,0,0,1,0,1,1,0,1,1,1,0,1,0,1,1,0,1,1,1,1
746,1,1,0,1,1,1,1,1,1,1,0,1,0,0,1,1,1,0,1,1,1,1,0,1,1,1,1
747,1,1,0,1,1,1,1,0,0,0,1,1,0,0,1,1,1,0,1,1,1,1,0,0,0,1,1
748,1,1,0,0,1,1,1,0,1,0,0,1,0,0,1,1,1,1,1,1,1,0,0,0,1,1,0
749,1,1,0,0,1,1,1,0,1,1,0,1,0,0,1,0,1,0,1,1,1,1,0,1,1,1,0
750,1,1,0,1,1,1,1,1,1,1,0,1,1,0,1,1,1,0,1,1,1,1,0,1,1,1,1
751,1,1,0,1,1,1,1,0,1,1,0,1,0,0,1,1,1,0,1,1,1,1,0,1,1,1,1
752,1,1,0,1,1,1,1,1,1,1,1,1,0,0,1,1,1,0,1,1,1,0,1,1,0,1,1
753,1,1,0,1,1,1,1,0,1,1,0,1,0,0,1,1,1,0,0,1,1,1,0,0,1,1,1
754,1,1,0,1,1,1,1,0,1,0,0,1,0,0,1,1,1,0,1,1,1,1,0,1,1,1,0
755,0,0,0,1,1,0,1,0,1,0,0,1,0,1,1,0,1,1,1,1,0,0,0,0,1,1,1
756,0,1,0,1,1,1,1,0,0,0,0,1,0,0,0,0,0,0,1,1,1,0,0,1,0,1,1
757,0,1,0,0,1,0,1,0,0,0,0,1,0,0,1,1,1,1,0,1,0,0,0,0,0,1,1
758,0,0,0,0,0,0,0,0,1,0,0,0,0,0,0,0,0,0,1,0,0,0,0,0,0,0,1
759,1,1,0,1,1,1,1,0,0,1,0,1,1,0,1,1,1,0,1,1,1,1,0,1,1,1,1
760,1,1,0,0,1,1,1,0,1,0,1,1,0,0,0,1,1,0,1,1,0,1,0,1,1,1,1
761,1,0,0,0,0,0,1,0,1,1,0,0,0,0,0,1,1,0,0,0,0,0,0,0,0,1,1
762,0,1,0,0,0,0,1,0,1,0,0,1,0,0,0,0,1,0,0,0,1,0,0,0,0,1,0
763,0,1,0,1,0,0,1,0,0,1,0,1,0,0,1,0,0,0,0,1,1,1,0,0,0,1,1
764,1,1,0,0,1,0,1,0,1,1,1,0,0,0,1,1,1,1,1,0,1,1,0,1,0,0,1
765,0,0,0,1,0,0,1,0,1,0,0,1,0,0,0,0,0,0,0,0,0,0,0,0,0,1,0
766,1,1,0,1,1,1,1,0,1,0,0,1,0,0,1,1,1,0,1,0,1,1,0,1,1,1,0
767,0,1,0,0,0,0,1,0,1,0,0,0,0,0,0,0,0,0,0,1,1,0,0,0,0,1,0
768,1,1,0,1,1,1,1,1,1,1,1,1,1,0,1,1,1,1,1,1,1,1,1,1,1,1,1
769,0,1,0,0,1,0,1,0,0,0,0,1,0,0,1,1,1,0,0,1,0,0,0,0,1,1,0
770,1,1,0,1,1,0,1,0,1,0,0,1,0,0,1,1,1,0,1,1,1,1,0,1,1,1,1
771,1,1,0,1,1,1,1,1,1,0,0,1,0,0,1,1,1,1,1,1,1,1,1,1,1,1,1
772,0,1,0,0,1,0,1,0,0,1,1,1,1,0,1,0,1,0,1,1,1,1,0,0,1,1,0
773,1,1,0,1,1,1,1,0,1,1,0,1,0,0,1,1,1,0,1,1,1,1,0,1,1,1,1
774,1,1,0,0,1,1,1,0,1,1,1,1,0,0,1,1,1,0,1,1,0,1,0,0,1,1,1
775,1,1,0,1,1,1,1,1,1,1,1,1,1,1,1,1,1,1,1,1,1,1,1,1,1,1,1
776,0,0,0,1,0,0,1,0,1,1,0,1,0,0,0,0,1,0,0,0,1,1,0,0,1,1,0
777,0,1,0,1,1,1,1,0,1,0,0,1,0,1,1,0,1,0,1,1,1,1,0,1,1,1,1
778,1,0,0,1,1,1,1,0,1,0,1,1,0,0,0,1,1,0,1,1,1,1,0,0,0,1,1
779,0,1,0,1,1,1,1,0,1,0,0,1,0,1,1,0,1,0,1,1,1,1,0,1,1,1,1
780,0,0,0,0,1,0,1,0,1,0,0,1,0,0,1,1,1,0,0,1,1,1,0,1,1,1,0
781,1,1,0,1,1,1,1,1,1,1,0,1,0,1,1,1,1,0,1,1,1,1,0,1,1,1,1
782,0,0,0,1,1,1,1,0,1,1,0,1,0,1,1,0,1,0,1,1,1,1,0,1,1,1,1
783,0,1,0,1,0,1,1,1,1,0,0,1,0,0,1,0,1,0,1,1,1,0,0,0,1,1,1
784,0,1,0,1,1,1,1,0,1,0,0,1,0,0,1,0,1,0,1,1,1,0,0,0,1,1,0
785,1,1,0,1,1,1,1,0,1,1,0,1,0,0,1,1,1,0,1,1,1,1,0,1,1,1,1
786,0,1,0,0,1,0,1,0,1,0,0,1,0,0,1,0,1,0,1,1,0,0,0,0,1,0,0
787,1,1,0,0,1,0,1,0,1,0,0,1,0,0,1,0,1,0,1,1,0,0,0,0,1,1,1
788,0,0,0,0,0,0,1,0,0,0,0,0,0,0,0,0,1,0,1,0,0,1,0,0,0,0,0
789,0,0,0,0,1,1,1,1,1,0,0,1,0,0,0,0,0,0,1,0,1,0,0,0,0,1,0
790,1,0,0,1,1,0,1,0,1,0,0,1,0,0,1,1,1,0,1,1,1,0,0,1,1,1,1
791,1,1,0,0,1,1,1,0,1,1,1,1,0,0,1,1,1,0,1,1,1,1,0,0,1,1,1
792,1,1,0,1,1,1,1,0,1,1,1,1,0,0,1,1,1,1,1,1,1,1,1,1,1,1,1
793,0,0,0,0,1,1,1,0,1,0,0,1,0,0,1,0,1,0,1,0,1,0,0,1,1,1,1
794,0,1,0,0,0,0,0,0,1,0,0,1,0,0,1,0,1,0,0,0,0,0,0,0,0,0,0
795,1,1,0,0,1,1,1,0,1,1,0,1,0,0,0,1,1,0,1,1,1,1,0,1,0,1,1
796,0,0,0,1,0,0,1,0,1,1,0,1,0,0,0,0,1,0,0,0,1,1,0,0,1,1,0
797,1,1,0,1,1,1,1,0,1,0,0,1,0,0,1,1,1,0,1,1,1,1,0,1,0,1,0
798,0,0,0,1,0,1,1,0,0,0,0,0,0,0,1,0,0,0,0,0,1,1,0,1,0,1,0
799,1,0,0,0,1,1,1,1,1,0,0,1,0,0,1,1,1,0,0,1,1,0,0,1,1,1,1
800,1,0,0,0,1,1,1,0,1,1,0,1,1,0,1,1,1,0,1,1,1,0,0,0,1,1,1
801,1,0,0,1,1,0,1,0,1,0,0,1,0,0,1,1,1,1,0,1,1,1,0,0,1,1,0
802,0,1,0,0,0,1,1,0,1,0,0,1,0,0,1,0,1,0,0,1,1,1,1,1,1,1,1
803,1,1,0,1,1,1,1,1,1,1,1,1,0,0,1,1,1,1,1,1,1,1,0,1,1,1,1
804,1,1,0,1,1,1,1,0,1,1,0,1,1,0,1,1,1,1,1,1,1,1,0,1,1,1,1
805,1,0,0,0,1,0,1,0,1,1,0,0,1,0,1,1,1,0,0,0,1,0,0,0,0,1,0
806,0,0,0,1,1,1,1,0,0,1,0,1,0,0,1,1,1,0,0,1,1,1,0,0,1,1,1
807,1,1,0,1,1,1,1,0,1,1,0,1,1,0,1,1,1,1,1,1,1,1,0,0,1,1,1
808,1,1,0,1,1,1,1,0,1,1,0,1,0,0,1,1,1,0,0,1,1,1,0,1,1,1,0
809,1,1,0,1,1,1,1,1,1,1,0,1,0,0,1,1,1,0,1,1,1,0,0,1,1,1,1
810,1,1,0,1,1,1,1,0,1,1,1,1,0,0,1,1,1,0,1,1,1,1,1,1,1,1,1
811,0,0,0,0,1,0,1,0,0,0,0,1,1,0,1,1,1,0,0,0,0,0,0,0,0,1,0
812,1,0,0,1,1,1,1,0,1,1,1,1,0,0,1,1,1,0,1,1,1,1,0,1,1,1,1
813,1,0,0,1,1,1,1,0,0,1,0,1,0,0,1,1,1,0,0,1,1,0,0,1,1,1,1
814,1,1,0,0,1,1,1,0,1,1,0,1,0,0,0,1,1,0,1,1,0,0,0,0,0,1,0
815,0,0,0,1,1,1,1,1,1,0,0,1,0,0,1,0,1,0,1,1,1,0,0,1,1,1,1
816,1,0,0,1,1,1,1,0,0,0,0,1,0,1,1,0,1,0,0,1,1,1,0,0,1,1,1
817,0,1,0,0,1,1,1,1,1,1,1,1,1,0,1,0,1,0,1,1,1,0,1,0,0,1,1
818,0,1,0,0,1,0,0,0,1,0,0,1,0,0,1,1,1,1,0,1,0,0,0,0,1,1,0
819,0,1,0,0,1,0,1,0,0,1,0,1,1,0,1,1,1,0,0,1,0,0,0,0,1,0,0
820,1,1,0,1,1,1,1,1,1,1,0,1,1,1,1,1,1,0,1,1,1,1,0,1,1,1,1
821,1,1,0,1,1,1,1,1,1,1,1,1,1,0,1,1,1,0,1,0,1,1,0,1,0,1,1
822,1,1,0,1,1,1,1,0,1,1,1,1,0,0,1,1,1,0,1,1,1,1,0,0,1,1,1
823,1,1,0,0,1,1,1,0,0,0,1,1,0,0,1,1,1,0,1,1,1,0,0,0,0,1,0
824,0,1,0,1,1,1,1,0,0,1,0,1,0,0,1,0,1,0,1,1,1,1,0,1,1,1,0
825,1,1,0,1,1,1,1,1,1,1,0,1,0,1,1,1,1,0,1,1,1,1,0,1,1,1,1
826,0,1,0,1,1,1,1,0,1,1,0,1,1,0,1,0,1,0,1,1,1,0,0,1,0,1,1
827,0,0,0,1,0,0,0,0,0,0,0,0,0,0,0,0,0,0,0,0,0,0,0,0,0,1,0
828,1,0,0,1,1,1,1,0,1,0,0,1,0,0,1,1,1,0,1,1,1,1,0,1,1,1,1
829,1,1,0,1,1,1,1,0,1,1,1,1,0,0,1,1,1,1,1,1,1,1,0,1,1,1,1
830,1,1,0,1,1,1,1,1,1,1,1,1,1,1,1,1,1,0,1,1,1,1,1,1,1,1,1
831,1,1,0,1,1,1,1,1,1,1,1,1,0,1,1,1,1,0,1,1,1,1,0,1,1,1,1
832,1,1,0,1,1,1,1,0,1,1,0,1,1,1,1,1,1,0,1,1,1,1,1,1,1,1,1
833,0,0,0,1,1,0,1,0,1,0,0,1,0,0,1,0,1,0,1,1,0,0,0,1,0,1,0
834,1,1,0,1,1,1,1,1,1,1,1,1,1,0,1,1,1,0,1,1,1,1,0,1,1,1,1
835,0,1,0,1,1,0,1,0,0,0,0,0,0,0,1,0,1,0,0,1,1,1,0,0,1,1,0
836,0,0,0,1,0,1,1,0,1,1,0,1,0,0,1,0,1,0,0,1,1,0,0,1,1,1,1
837,1,1,0,1,1,1,1,0,1,0,0,1,0,0,1,1,1,0,1,1,0,1,0,0,1,1,1
838,1,1,0,1,1,1,1,1,1,1,1,1,1,0,1,1,1,1,1,1,1,1,1,1,1,1,1
839,1,1,0,1,1,1,1,1,1,1,1,1,1,0,1,1,1,1,1,1,1,1,1,1,1,1,1
840,0,0,0,1,1,0,1,0,1,0,0,1,0,0,1,0,1,0,0,1,0,0,0,0,1,1,0
841,1,1,0,1,1,1,1,0,1,0,0,1,0,0,1,1,1,0,1,0,0,1,0,0,1,1,1
842,1,0,0,0,1,1,1,0,1,1,1,1,0,0,1,1,1,0,1,1,0,1,0,0,1,1,1
843,0,0,0,0,0,0,1,0,0,0,0,0,0,0,0,0,0,0,1,0,0,0,0,0,0,0,0
844,1,1,0,0,1,1,1,0,0,1,0,1,1,0,1,1,1,0,1,1,1,0,0,0,1,1,1
845,1,1,0,0,1,0,1,0,1,0,0,1,0,0,1,1,1,0,1,0,0,1,0,0,1,1,1
846,0,1,0,1,1,1,1,0,1,1,1,1,0,0,1,1,1,0,1,1,1,1,0,1,1,1,1
847,1,1,0,0,1,1,1,0,1,1,0,1,0,0,1,1,1,0,1,1,1,1,0,0,1,1,1
848,0,1,0,0,1,0,0,0,0,0,0,1,0,0,0,0,1,0,1,1,1,0,0,0,0,1,0
849,0,0,0,0,0,0,1,0,0,0,0,1,0,0,0,0,1,0,0,0,0,0,0,0,0,1,0
850,1,1,1,1,1,1,1,0,1,1,0,1,1,0,1,1,1,0,1,0,0,1,1,0,0,1,1
851,0,0,0,0,0,0,1,0,0,0,0,1,0,0,0,0,0,0,0,1,0,0,0,0,0,1,0
852,1,1,0,0,1,0,1,0,1,0,0,1,0,0,0,0,1,0,1,0,1,1,0,1,1,1,1
853,0,1,0,0,1,1,1,0,1,1,0,1,0,0,1,1,1,0,1,1,1,1,0,0,0,1,1
854,0,0,0,0,1,0,1,0,1,1,1,1,0,0,1,0,1,0,1,0,0,0,0,0,1,1,0
855,1,1,0,1,1,1,1,0,1,1,0,1,0,0,1,1,1,0,1,1,1,1,0,1,1,1,1
856,0,1,0,0,1,1,1,0,1,0,0,1,0,0,1,0,1,0,1,1,0,0,0,0,1,1,1
857,0,1,0,1,1,1,1,1,1,1,0,1,0,0,1,1,1,0,1,1,1,1,0,1,1,1,0
858,0,1,0,1,1,1,1,0,1,0,1,1,0,1,1,1,1,0,0,1,0,1,0,0,1,1,1
859,1,1,0,1,1,0,1,0,1,1,0,1,0,0,1,1,1,1,1,1,1,1,0,1,1,1,0
860,0,1,0,1,1,0,1,0,0,1,0,1,0,0,1,1,1,0,1,1,1,0,0,1,1,1,0
861,0,0,0,0,1,0,1,0,1,0,0,1,0,0,0,0,1,0,1,0,0,0,0,0,0,1,0
862,0,0,0,1,1,1,1,0,1,0,0,1,0,0,1,0,1,0,0,1,1,1,1,1,1,1,1
863,1,1,0,1,0,1,1,0,1,0,0,1,0,0,0,1,1,1,0,0,1,0,0,1,0,1,1
864,1,1,0,0,1,1,1,0,0,0,0,1,0,0,1,0,1,0,1,0,1,1,0,0,1,1,1
865,0,0,0,0,1,0,1,0,0,1,0,1,0,0,1,0,1,0,1,1,1,0,0,0,1,1,1
866,1,1,0,1,1,1,1,1,1,1,0,1,0,0,1,1,1,0,1,1,1,0,1,1,1,1,1
867,1,1,0,0,1,1,1,0,0,1,0,1,1,0,1,0,1,0,1,1,1,0,0,0,0,0,1
868,0,1,0,1,1,0,1,0,0,0,0,1,0,0,1,0,1,0,1,0,1,0,0,0,0,1,1
869,0,1,0,1,1,1,1,0,1,1,1,1,1,0,1,1,1,0,1,1,1,1,0,1,1,1,1
870,1,1,0,0,1,1,1,0,1,0,0,1,0,0,0,0,1,0,1,1,0,1,0,0,1,1,1
871,1,1,0,1,1,1,1,1,1,1,1,1,0,1,1,1,1,0,1,1,1,1,0,1,1,1,1
872,0,0,0,1,0,0,1,0,1,0,0,1,0,0,0,0,1,0,0,0,1,1,0,0,1,1,0
873,1,1,0,1,1,1,1,0,1,1,0,1,0,0,1,1,1,0,1,1,1,1,0,0,1,1,1
874,0,0,0,1,0,0,1,0,1,0,0,1,0,0,0,0,1,0,1,0,0,1,0,1,0,0,1
875,0,0,0,0,1,0,1,0,0,0,0,0,0,0,1,1,1,0,0,0,0,0,0,0,0,0,0
876,0,0,0,1,1,1,1,0,1,0,0,1,0,0,1,0,1,0,0,1,1,1,0,0,1,1,1
877,1,1,0,0,1,1,1,0,1,1,0,1,1,1,0,1,1,1,1,0,0,1,0,0,0,1,1
878,0,1,0,1,1,1,1,0,1,1,0,1,0,1,1,1,1,0,1,1,1,1,0,1,1,1,0
879,1,1,0,1,1,1,1,1,1,1,0,1,0,1,1,1,1,0,1,1,1,1,0,1,1,1,1
880,0,1,0,1,1,1,1,0,0,1,0,1,0,0,1,1,1,0,1,1,1,1,0,0,1,1,0
881,1,1,0,0,1,1,1,0,1,1,1,1,0,0,1,1,1,0,1,1,1,1,0,1,1,1,1
882,0,1,0,0,1,1,1,0,1,1,0,1,0,0,0,1,1,0,1,0,0,1,0,0,0,1,1
883,1,1,0,0,1,1,1,0,1,0,0,1,0,0,1,1,1,0,0,1,1,0,0,0,1,1,0
884,1,1,0,1,1,1,1,1,1,1,0,1,1,1,1,1,1,0,1,1,1,1,0,1,1,1,1
885,1,1,0,0,1,1,1,0,0,1,0,1,0,0,1,1,1,0,1,1,1,1,0,0,1,1,1
886,1,0,0,1,1,1,1,1,1,0,0,1,0,0,1,1,1,1,1,1,1,1,1,1,1,1,1
887,1,1,0,1,1,1,1,0,1,0,0,1,0,0,1,1,1,1,1,1,1,1,0,1,1,1,0
888,0,1,0,1,1,0,1,1,1,1,0,1,0,1,1,1,1,1,1,1,1,1,0,1,1,1,1
889,1,1,0,1,1,1,1,0,1,1,0,1,0,0,1,1,1,0,1,1,1,1,0,0,1,1,1
890,0,0,0,1,1,1,1,0,0,0,0,1,0,0,1,0,0,0,0,1,1,0,0,0,1,1,0
891,0,0,0,0,0,0,0,0,1,0,0,0,0,0,1,0,1,0,0,1,0,0,0,0,0,0,0
892,1,0,0,1,1,1,1,1,1,1,1,1,1,0,1,0,1,0,0,1,1,1,1,0,1,1,1
893,1,1,0,1,1,1,1,0,1,1,0,1,0,0,1,1,1,1,1,1,1,1,0,1,1,1,1
894,0,1,1,1,1,1,1,0,1,1,1,1,1,0,1,1,1,0,1,1,1,1,1,1,1,1,1
895,1,1,0,1,1,0,1,0,1,1,0,1,1,0,1,1,1,0,1,1,1,1,0,1,1,1,1
896,1,1,0,1,1,1,1,0,1,0,0,1,0,0,1,1,1,0,1,0,0,0,0,0,1,1,0
897,1,1,0,0,1,1,1,0,0,0,0,1,1,0,1,1,1,0,1,0,1,0,0,1,1,1,0
898,0,1,0,0,1,0,1,0,0,0,0,1,0,0,0,0,1,0,0,0,0,0,0,0,0,1,0
899,0,0,0,0,0,1,1,0,1,0,0,1,0,0,0,0,1,0,0,1,0,0,0,0,1,0,0
900,1,1,0,1,1,1,1,0,1,1,0,1,0,0,1,1,1,0,1,1,1,1,0,0,1,1,1
901,0,1,0,0,0,1,1,0,1,1,0,0,0,0,0,1,1,0,0,0,0,1,0,0,1,1,0
902,0,1,0,0,0,0,1,0,1,1,0,0,0,0,1,1,1,0,1,1,1,0,0,1,0,1,0
903,1,1,0,1,1,1,1,0,1,1,1,1,0,1,1,1,1,1,1,1,1,1,0,1,1,1,1
904,1,1,0,1,1,1,1,1,1,1,1,1,1,1,1,1,1,0,1,1,1,1,1,1,1,1,1
905,1,1,0,0,1,0,1,0,0,0,1,1,0,0,1,1,1,0,1,1,0,0,0,0,1,1,1
906,1,1,0,1,1,1,1,0,1,1,1,1,1,0,1,1,1,0,1,1,1,1,0,1,1,1,1
907,1,1,0,1,1,1,1,0,1,1,1,1,0,0,1,0,1,0,1,1,1,1,0,1,1,1,1
908,1,1,0,1,1,1,1,0,1,1,1,1,1,0,1,1,1,0,1,1,1,1,0,1,1,1,1
909,0,0,0,1,0,0,1,0,1,0,0,1,0,0,0,1,1,0,0,0,1,1,0,0,1,1,0
910,1,1,0,1,1,1,1,0,1,1,0,1,0,0,0,1,1,0,1,1,1,0,0,1,1,1,1
911,1,1,0,1,1,1,1,0,1,1,1,1,1,0,1,1,1,1,1,1,1,1,0,1,1,1,1
912,1,0,0,0,1,1,1,0,1,0,0,1,0,0,1,1,1,0,1,1,0,1,0,0,0,0,0
913,1,1,0,1,1,1,1,0,1,1,1,1,0,0,1,1,1,0,1,1,1,1,0,1,1,1,1
914,1,1,1,1,1,1,1,0,1,1,0,1,0,1,1,1,1,0,1,1,1,1,0,1,1,1,1
915,1,1,0,1,1,0,1,0,1,0,0,1,0,0,1,1,1,0,1,1,1,1,0,1,1,1,1
916,1,0,0,1,1,0,1,0,1,1,0,1,0,0,1,1,1,0,0,0,1,1,0,1,0,1,0
917,0,0,0,1,0,0,0,0,0,0,0,1,0,0,0,0,1,0,1,0,0,0,0,0,0,1,0
918,0,0,0,0,0,0,0,0,0,0,0,1,0,0,0,0,1,0,1,0,0,0,0,0,0,1,0
919,0,1,0,1,1,1,1,1,1,0,0,1,0,0,1,1,1,0,0,1,1,1,0,1,1,1,1
920,0,1,0,1,0,1,1,0,1,0,0,1,0,0,1,1,1,0,0,1,1,0,0,0,1,1,0
921,0,1,0,1,1,1,1,1,1,1,0,1,0,1,1,0,1,0,1,1,1,1,0,1,1,1,1
922,1,1,0,1,1,1,1,1,1,1,1,1,1,1,1,1,1,0,1,1,1,1,0,1,1,1,1
923,1,0,0,0,1,1,1,0,0,1,1,1,0,0,1,1,1,0,1,0,1,0,0,0,0,0,0
924,1,1,0,1,1,0,1,1,1,1,1,1,0,0,1,0,1,0,1,1,1,1,0,1,1,1,1
925,1,1,0,0,1,1,1,0,1,0,1,0,1,0,1,1,1,0,1,0,0,1,0,0,1,1,0
926,1,1,0,1,1,1,1,0,1,0,1,1,0,0,1,1,1,0,1,1,0,0,0,0,1,1,1
927,1,1,0,1,1,1,1,1,1,1,1,1,0,0,1,1,1,1,1,1,1,1,0,1,1,1,1
928,1,1,0,1,1,1,1,0,1,0,1,1,1,0,1,1,1,0,1,1,1,1,0,0,1,1,1
929,0,0,0,0,0,1,1,0,1,0,0,1,0,1,1,0,1,0,0,1,0,0,0,0,1,1,0
930,0,0,0,0,0,0,1,0,1,0,0,0,0,0,1,0,1,0,0,1,1,0,0,0,0,1,0
931,1,1,0,1,1,1,1,1,1,1,1,1,1,1,1,1,1,0,1,1,1,1,0,1,1,1,1
932,1,1,0,0,1,0,1,0,0,0,0,1,0,0,1,0,1,0,0,0,0,0,0,1,0,1,0
933,0,0,0,0,0,0,1,0,0,0,0,0,0,0,0,0,0,0,0,0,0,0,0,0,0,0,0
934,1,1,0,1,1,1,1,1,1,1,1,1,1,1,1,1,1,1,1,1,1,1,1,1,1,1,1
935,0,0,0,0,0,0,0,0,1,0,0,1,0,0,1,0,1,0,0,1,0,0,0,0,0,0,0
936,0,1,0,0,1,0,1,0,0,0,0,1,0,0,0,0,0,0,1,1,0,0,0,0,0,1,0
937,1,1,0,1,1,1,1,0,1,1,0,1,0,1,1,1,1,0,1,1,1,1,0,1,1,1,1
938,0,0,0,0,0,0,1,0,0,0,0,1,0,0,0,0,1,0,0,0,0,1,0,0,0,1,0
939,0,0,0,0,1,0,1,0,0,1,0,1,0,0,1,1,1,0,1,1,1,0,0,0,1,1,0
940,1,0,0,0,1,0,1,0,1,1,0,1,0,0,0,1,1,0,1,1,1,1,0,0,1,1,1
941,1,1,0,0,1,1,1,0,1,1,1,1,1,0,1,1,1,0,0,1,1,1,0,1,0,1,1
942,0,0,0,0,1,0,1,0,1,0,0,0,0,0,0,1,1,0,0,1,0,1,0,0,0,1,0
943,1,1,0,1,1,1,1,0,1,0,0,1,1,0,1,1,1,0,1,1,1,1,1,1,1,1,1
944,1,1,0,1,1,1,1,0,1,0,0,1,0,0,1,1,1,0,0,1,1,1,1,1,1,1,1
945,1,0,0,0,1,0,1,0,1,0,0,1,0,0,1,1,1,0,0,1,1,0,0,0,1,1,0
946,1,1,0,1,1,1,1,1,1,1,1,1,0,0,1,1,1,0,1,1,1,1,0,1,1,1,1
947,1,1,0,1,1,1,1,0,1,0,1,1,0,0,1,1,1,0,1,1,1,0,0,1,1,1,1
948,1,1,0,1,1,1,1,0,1,0,0,1,0,0,1,1,1,1,1,1,1,1,0,1,0,1,1
949,1,1,0,1,1,1,1,1,0,1,1,1,1,1,1,1,1,0,1,1,1,1,0,1,1,1,1
950,1,1,0,1,1,1,1,1,0,0,0,1,0,0,1,0,1,0,1,0,1,1,0,0,1,1,1
951,1,1,0,1,1,1,1,0,1,1,0,1,1,0,1,1,1,0,1,1,1,0,0,0,1,1,1
952,1,1,0,1,1,1,1,0,1,1,0,1,1,0,1,1,1,0,1,1,1,1,0,0,1,1,1
953,1,0,0,1,0,0,1,0,1,0,0,0,0,0,0,1,1,1,1,0,0,1,0,0,0,1,0
954,1,1,0,0,1,1,1,1,1,0,0,1,0,0,1,1,1,1,0,1,1,1,0,1,1,1,0
955,0,0,0,1,0,0,1,0,0,0,0,1,0,0,1,0,0,0,0,1,0,0,0,0,1,1,0
956,0,0,0,0,0,0,1,0,0,1,0,1,0,0,1,0,1,0,0,1,1,0,0,0,1,1,0
957,0,1,0,0,1,0,1,0,0,1,0,1,0,0,1,1,1,0,0,0,1,1,0,0,1,1,1
958,1,1,0,1,1,1,1,0,1,1,1,1,0,0,1,1,1,0,1,1,1,1,0,0,1,1,1
959,0,1,0,1,1,1,1,0,1,0,0,1,0,0,1,0,1,0,0,1,1,0,0,0,1,1,0
960,0,1,0,0,0,0,1,0,0,0,0,1,0,0,0,0,0,0,1,0,0,0,0,0,0,0,1
961,1,0,0,1,1,0,1,0,1,0,0,1,0,1,1,0,1,0,0,1,1,1,0,0,1,1,0
962,0,1,0,1,1,1,1,0,0,0,1,1,0,0,1,1,1,0,1,1,1,1,0,0,1,1,1
963,0,0,0,0,0,1,1,0,0,0,0,1,0,0,1,0,1,0,1,0,1,0,0,1,0,1,0
964,0,0,0,0,0,0,1,0,0,0,0,0,0,0,0,0,0,0,0,0,0,0,0,0,1,1,1
965,1,0,0,0,1,1,0,0,1,0,0,1,0,0,1,0,1,0,0,1,0,0,0,0,1,1,0
966,1,1,0,1,1,1,1,1,1,1,0,1,0,0,1,1,1,1,1,1,1,1,0,1,1,1,1
967,0,1,0,0,0,1,1,0,0,0,0,1,0,0,0,0,1,0,1,0,0,0,0,0,0,0,0
968,0,0,0,1,1,1,1,0,0,1,0,1,0,0,1,0,1,0,1,1,1,1,0,1,1,1,0
969,1,1,0,1,1,1,1,1,1,1,1,1,0,0,1,1,1,1,1,1,1,1,1,1,1,1,1
970,1,1,0,0,1,1,1,0,1,0,0,1,0,0,1,1,1,0,1,1,1,1,0,0,0,1,1
971,1,1,0,1,1,1,1,0,0,0,1,1,0,0,1,1,1,0,1,1,1,1,0,0,1,1,1
972,0,1,0,0,1,1,1,0,0,0,0,1,0,0,1,0,1,0,0,1,1,0,0,0,1,1,1
973,0,1,0,1,1,1,1,0,1,1,1,1,0,0,1,1,1,0,1,1,1,1,0,1,1,1,1
974,0,0,0,0,1,0,1,0,1,1,1,1,0,0,1,0,1,0,0,0,1,1,0,0,0,1,1
975,0,0,0,0,1,1,0,0,0,0,0,1,0,0,1,0,1,0,0,1,0,1,0,0,0,1,0
976,1,1,0,1,1,1,1,0,1,0,0,1,0,0,1,1,1,0,0,0,1,1,0,1,0,1,0
977,0,1,0,0,1,0,1,0,1,0,1,1,0,0,1,0,1,0,1,1,0,1,0,0,1,1,1
978,1,1,0,1,1,1,1,0,1,1,1,1,1,1,1,1,1,1,1,1,1,1,0,1,1,1,1
979,1,1,0,1,1,1,1,1,1,1,1,1,0,0,1,1,1,0,1,1,1,1,0,1,1,1,1
980,0,1,0,0,1,1,1,0,1,0,0,1,0,0,0,1,1,0,0,0,0,0,0,1,1,1,1
981,0,0,0,1,1,1,1,0,1,1,0,1,0,0,1,0,1,0,0,1,1,1,0,1,1,1,1
982,1,1,0,1,1,1,1,0,1,1,0,1,1,0,1,0,1,1,1,1,1,0,0,1,1,1,1
983,1,1,0,1,1,1,1,0,1,1,0,1,1,0,1,0,1,1,1,1,1,0,0,1,1,1,1
984,0,1,0,1,1,1,1,0,1,1,0,1,1,0,1,1,1,1,1,1,1,1,0,1,1,1,1
985,1,1,0,1,1,1,1,0,1,1,0,1,1,0,1,1,1,1,1,1,1,1,0,1,1,1,1
986,0,1,0,1,1,1,1,0,1,0,0,1,0,0,1,1,1,0,0,1,1,0,0,1,1,1,1
987,0,0,0,0,0,0,1,0,0,0,0,0,0,0,0,1,0,0,0,0,0,0,0,0,0,0,0
988,0,1,0,1,0,1,1,0,0,0,0,1,0,0,0,1,1,1,0,0,1,0,0,1,0,1,0
989,1,1,0,0,1,0,1,0,1,0,0,1,0,0,1,1,1,0,0,0,0,1,0,0,0,1,0
990,1,1,0,0,1,1,1,0,1,0,0,1,0,0,1,1,1,0,0,1,1,1,0,0,1,1,1
991,0,1,0,1,1,0,1,0,1,0,0,1,0,1,1,0,1,1,0,1,1,0,0,1,1,1,1
992,1,1,0,1,1,1,1,1,1,1,1,1,0,0,1,1,1,0,1,1,1,1,0,1,1,1,1
993,1,1,0,1,1,1,1,0,1,1,0,1,0,0,1,1,1,0,1,1,1,1,1,0,1,1,1
994,1,1,0,1,1,1,1,0,1,1,1,1,1,0,1,1,1,0,1,1,1,1,0,1,1,1,1
995,1,1,0,1,1,1,1,1,1,1,1,1,1,1,1,1,1,1,1,1,1,1,1,1,1,1,1
996,1,1,0,0,1,0,1,0,1,0,0,0,0,0,0,1,1,0,0,1,1,0,0,0,0,1,0
997,1,1,0,1,1,1,1,0,1,0,0,1,0,1,1,1,1,0,1,1,1,1,0,1,1,1,1
998,1,1,1,1,1,1,1,0,1,1,0,1,1,0,1,1,1,0,1,1,1,1,0,1,1,1,1
999,0,0,0,1,0,0,1,0,1,1,0,1,0,0,1,0,1,0,0,0,1,1,0,0,1,1,1
1000,1,0,0,1,1,0,0,0,0,0,0,1,0,0,1,0,1,0,0,0,0,0,0,0,0,0,0
1001,0,1,0,1,1,1,1,1,1,0,0,1,0,1,1,1,1,0,1,1,1,1,1,1,1,1,1
1002,0,1,0,1,1,1,1,0,1,1,0,1,0,0,1,1,1,0,1,1,1,0,0,1,1,1,1
1003,1,1,0,1,1,1,1,0,1,1,1,1,0,0,0,1,1,0,1,1,1,1,0,1,1,1,0
1004,1,1,0,0,0,1,1,0,1,1,0,0,0,0,0,1,1,0,0,0,0,1,0,0,1,1,0
1005,0,0,0,0,1,0,1,1,0,0,0,0,0,0,0,0,0,0,1,1,1,0,0,0,0,1,0
1006,1,1,0,1,1,0,1,0,0,1,0,1,1,0,1,1,1,0,0,0,1,1,0,1,1,1,1
1007,0,1,0,1,0,1,1,0,0,0,0,0,0,0,0,0,0,0,1,1,0,1,0,0,1,1,0
1008,0,1,0,0,0,1,1,0,0,0,0,1,0,0,0,0,1,0,0,0,1,0,0,0,0,1,0
1009,0,0,0,1,1,1,1,0,1,1,0,1,0,0,1,0,1,0,1,1,1,1,0,1,1,1,1
1010,0,0,0,0,0,0,0,0,0,0,0,0,0,0,0,0,1,0,0,0,0,0,0,0,0,0,0
1011,0,1,0,0,0,0,1,0,1,0,0,0,0,0,0,1,1,0,0,1,0,1,0,0,0,0,0
1012,0,0,0,0,0,0,1,1,0,0,0,1,0,0,0,0,0,0,0,0,1,0,0,0,0,1,0
1013,1,1,0,1,1,1,1,1,1,1,1,1,1,0,1,1,1,0,1,1,1,1,1,1,1,1,1
1014,1,1,0,1,1,1,1,0,1,1,0,1,0,1,1,1,1,0,1,1,1,1,1,1,1,1,1
1015,0,0,0,0,0,0,1,0,0,0,0,1,0,0,0,0,1,0,0,0,0,0,0,0,0,0,0
1016,0,0,0,0,0,0,0,0,0,0,0,1,0,0,0,0,1,0,0,0,0,0,0,0,0,0,0
1017,0,1,0,1,1,1,1,0,0,0,0,1,0,0,1,0,1,0,1,1,1,1,0,1,1,1,1
1018,0,1,0,0,1,1,1,0,0,1,0,1,0,0,1,0,1,0,0,1,1,1,0,1,1,1,0
1019,1,1,0,1,1,1,1,0,0,1,1,1,0,1,1,1,1,0,1,1,1,1,0,1,1,1,0
1020,1,1,0,1,1,1,1,0,1,1,0,1,1,0,1,1,1,0,1,1,1,1,0,1,1,1,1
1021,1,0,0,1,1,1,1,1,1,1,0,1,0,0,1,1,1,1,1,1,1,1,0,1,1,1,0
1022,1,1,0,1,1,1,1,0,1,1,1,1,1,1,1,1,1,1,1,1,1,1,0,1,1,1,1
1023,1,1,0,1,1,1,1,0,0,1,1,1,1,0,1,1,1,0,1,1,1,1,0,0,1,1,1
1024,0,0,0,1,0,1,1,0,1,1,1,1,1,0,1,0,1,0,1,1,1,0,0,0,1,1,1
1025,0,1,0,1,1,0,1,0,0,1,0,1,0,0,1,0,1,0,0,1,1,1,0,1,1,1,0
1026,1,1,0,1,1,1,1,1,1,1,1,1,1,0,1,1,1,1,1,1,1,1,0,1,1,1,1
1027,1,1,0,1,1,1,1,1,1,1,1,1,1,1,1,1,1,1,1,1,1,1,0,1,1,1,1
1028,0,1,0,1,0,0,1,1,0,1,0,1,0,0,1,0,1,0,0,1,1,1,0,1,1,1,1
1029,1,1,0,1,1,1,1,1,1,1,1,1,1,1,1,1,1,1,1,1,1,1,1,1,1,1,1
1030,1,1,0,1,1,1,1,1,1,1,1,1,1,1,1,1,1,1,1,1,1,1,0,1,1,1,1
1031,1,1,0,1,1,1,1,1,1,1,1,1,1,0,1,1,1,1,1,1,1,1,0,1,1,1,1
1032,0,1,0,1,1,1,1,0,1,1,0,1,0,0,1,0,1,0,1,1,1,1,0,1,1,1,1
1033,0,1,0,0,0,0,1,0,0,0,0,0,0,0,1,0,0,0,1,0,0,0,0,0,0,1,1
1034,1,1,0,1,1,1,1,1,1,1,1,1,0,0,1,1,1,1,1,1,1,1,0,1,1,1,1
1035,1,1,0,1,1,1,1,1,1,1,1,1,1,1,1,1,1,1,1,1,1,1,0,1,1,1,1
1036,0,1,0,0,1,0,0,0,0,0,0,0,0,0,1,1,0,0,0,0,0,1,0,0,0,0,1
1037,1,1,0,0,0,0,1,0,1,0,0,1,0,0,0,1,1,0,1,1,1,0,0,1,0,1,1
1038,0,0,0,1,0,1,1,0,1,0,0,1,0,0,0,0,1,0,0,0,1,1,0,1,1,1,1
1039,0,1,0,1,1,1,1,0,1,0,0,1,0,0,1,0,1,1,1,1,1,1,0,1,1,1,1
1040,1,1,0,0,1,1,1,0,1,0,0,1,0,0,1,1,1,0,1,1,1,1,0,1,1,1,1
1041,1,1,0,0,1,1,1,1,1,1,0,1,1,0,0,1,1,1,1,1,1,1,0,0,0,1,1
1042,0,1,0,1,1,1,1,0,1,0,1,1,1,0,1,1,1,0,1,0,1,0,0,1,1,1,1
1043,0,1,0,1,1,1,1,0,1,1,0,1,0,1,1,0,1,0,1,1,1,0,0,1,1,1,1
1044,1,1,0,0,1,1,1,1,1,1,0,1,1,0,0,1,1,0,1,1,1,1,1,0,0,1,1
1045,1,0,0,0,1,0,1,0,1,0,0,0,0,0,1,0,1,0,0,1,0,1,0,1,0,0,1
1046,1,1,0,0,1,1,1,0,1,1,0,1,0,0,0,1,1,0,1,1,1,1,0,1,0,1,1
1047,0,0,0,1,1,1,1,0,0,0,0,1,0,0,1,0,1,0,1,0,1,1,0,1,1,1,1
1048,1,0,0,0,1,0,1,1,1,0,0,1,0,0,1,1,1,0,0,1,1,0,0,0,1,1,0
1049,1,1,0,1,1,1,1,1,1,1,1,1,0,1,1,1,1,1,1,1,1,1,1,1,1,1,1
1050,1,1,0,1,1,1,1,1,1,1,1,1,1,1,1,1,1,0,1,1,1,1,1,1,1,1,1
1051,1,1,0,1,1,1,1,0,1,0,0,1,0,0,1,1,1,0,1,1,1,1,0,0,1,1,1
1052,1,1,0,1,1,1,1,1,1,1,1,1,1,1,1,1,1,1,1,1,1,1,0,1,1,1,1
1053,0,1,1,1,1,1,1,0,1,1,1,1,1,1,1,1,1,1,1,1,1,1,0,1,1,1,1
1054,1,0,0,0,0,1,1,1,1,0,0,0,0,0,0,1,1,0,1,0,0,1,0,0,0,1,0
1055,1,1,0,1,1,1,1,1,1,0,0,1,1,0,1,1,1,0,1,0,1,1,0,1,1,1,1
1056,1,1,0,1,1,1,1,1,1,1,1,1,1,0,1,1,1,0,1,1,1,1,1,1,1,1,1
1057,0,0,0,0,1,0,1,0,0,0,0,1,0,0,1,0,1,0,0,1,0,0,0,0,1,1,1
1058,0,0,0,0,0,0,1,0,0,0,0,1,0,0,0,0,1,0,0,0,0,0,0,0,1,0,0
1059,1,1,0,1,1,1,1,1,1,1,1,1,1,0,1,1,1,0,1,1,1,1,0,1,1,1,1
1060,0,0,0,0,0,0,1,0,1,0,0,1,0,0,0,0,1,0,0,1,0,0,0,0,0,1,1
1061,0,1,0,1,1,1,1,0,0,1,0,1,0,1,1,1,1,0,1,1,1,1,0,1,1,1,0
1062,1,1,0,1,1,1,1,1,1,1,1,1,0,0,1,1,1,0,1,1,1,1,0,1,1,1,1
1063,1,1,0,1,1,1,1,0,1,1,1,1,1,0,1,1,1,0,1,1,1,1,0,1,1,1,1
1064,0,1,0,0,1,1,1,0,1,1,1,1,0,0,1,1,1,0,0,0,1,1,0,0,0,1,1
1065,0,0,0,1,0,0,1,0,1,1,0,1,1,0,1,0,1,0,0,0,1,0,0,0,0,1,1
1066,1,1,0,1,1,1,1,0,1,1,1,1,0,0,1,1,1,0,1,1,1,1,0,1,1,1,1
1067,0,0,0,1,1,1,1,0,1,0,0,1,0,0,0,1,1,0,0,0,0,1,0,1,0,1,0
1068,1,1,0,0,1,1,1,0,0,0,1,1,0,0,1,1,1,0,1,1,0,1,0,0,0,1,1
1069,1,1,0,0,1,0,1,0,0,0,1,1,0,0,0,1,1,1,0,0,1,1,0,0,0,1,1
1070,1,1,0,1,1,1,1,1,1,1,1,1,1,0,1,1,1,0,1,1,1,1,1,1,1,1,1
1071,1,1,0,0,1,1,1,0,0,0,1,1,0,0,1,1,1,0,1,1,0,1,0,0,1,1,1
1072,0,1,0,0,1,1,1,0,1,0,0,1,0,0,1,0,1,1,0,1,0,1,0,0,1,1,1
1073,0,0,0,0,1,0,0,0,0,0,0,1,0,0,0,0,1,0,0,0,0,0,0,0,0,0,0
1074,1,0,0,1,0,1,0,0,1,0,0,1,0,0,0,1,1,0,1,0,0,0,0,0,0,0,0
1075,1,1,0,1,1,1,1,0,1,0,0,1,0,0,1,1,1,0,1,1,1,1,0,1,1,1,1
1076,0,0,0,0,0,0,0,0,0,0,0,1,0,0,0,0,0,0,0,0,0,0,0,0,0,1,0
1077,0,1,0,0,1,1,1,0,0,1,0,1,0,0,0,0,1,0,1,1,1,1,0,0,1,1,0
1078,1,1,0,1,1,1,1,0,1,1,0,1,0,0,1,1,1,0,1,1,1,1,0,1,1,1,1
1079,0,1,0,1,1,1,1,1,1,1,1,1,1,1,1,1,1,0,1,1,1,1,1,1,1,1,1
1080,0,0,0,1,1,0,0,0,1,0,0,1,0,0,1,1,1,0,0,0,0,0,0,0,0,0,0
1081,1,1,0,1,1,1,1,1,1,1,1,1,1,0,1,1,1,1,1,1,1,1,1,1,1,1,1
1082,1,1,0,1,1,1,1,1,1,1,1,1,1,0,1,1,1,1,1,1,1,1,0,0,1,1,1
1083,1,1,0,1,1,1,1,1,1,1,0,1,0,0,1,1,1,0,1,1,1,1,0,1,1,1,1
1084,0,1,0,0,1,0,1,0,1,0,0,1,0,0,1,0,1,0,1,0,0,0,0,0,0,1,0
1085,1,1,0,1,1,1,1,0,1,1,0,1,1,0,1,1,1,0,0,1,1,1,0,1,1,1,1
1086,0,0,0,0,0,1,1,0,0,0,0,1,0,0,0,0,1,0,0,1,0,0,0,0,1,1,0
1087,1,1,0,1,1,1,1,1,1,1,1,1,1,0,1,1,1,0,1,1,1,1,0,1,1,1,1
1088,1,1,0,1,1,1,1,1,1,1,0,1,0,1,1,1,1,0,1,1,1,1,1,1,1,1,1
1089,1,1,0,0,1,0,1,0,1,0,1,1,0,0,1,1,1,0,1,1,1,1,0,0,1,1,0
1090,0,1,0,1,1,1,1,0,1,1,0,1,0,0,1,1,1,0,1,1,1,1,0,1,1,1,1
1091,1,1,0,1,1,1,1,1,1,1,0,1,0,1,1,1,1,0,1,1,1,1,0,1,1,1,1
1092,1,1,0,1,1,1,1,0,1,0,0,1,0,0,1,1,1,0,1,1,1,0,0,1,0,1,1
1093,0,0,0,0,0,1,1,0,0,0,0,1,0,0,1,0,1,0,0,1,1,0,0,0,1,1,1
1094,0,0,0,0,1,1,1,0,1,1,0,1,0,0,0,0,1,0,0,1,0,0,0,0,0,1,0
1095,0,1,0,0,1,0,1,0,0,0,0,1,0,0,0,0,1,0,0,0,0,0,0,0,0,1,0
1096,1,1,0,1,1,1,1,0,1,1,1,1,1,1,1,1,1,0,1,1,1,1,0,1,1,1,1
1097,1,1,0,0,1,1,1,0,1,1,1,1,1,0,1,1,1,0,1,1,1,1,0,0,0,1,0
1098,1,1,0,0,1,1,1,0,1,1,1,1,1,0,1,1,1,0,1,1,1,1,0,0,0,1,0
1099,0,0,0,1,0,0,1,0,1,0,0,1,0,1,1,0,1,0,0,0,1,0,0,1,1,1,1
1100,0,1,0,0,0,0,0,0,0,0,0,1,1,0,1,0,1,0,1,0,0,1,0,0,0,1,1
1101,0,0,0,0,0,0,0,0,0,0,0,1,0,0,0,0,1,0,1,1,1,0,0,0,1,1,0
1102,1,1,0,1,1,1,1,1,1,1,1,1,1,1,1,1,1,1,1,1,1,1,0,1,1,1,1
1103,1,1,0,1,0,1,1,0,1,0,0,1,0,0,1,1,1,0,0,0,1,1,0,1,0,1,1
1104,1,1,0,0,1,1,1,0,0,0,0,1,1,0,1,1,1,0,1,0,1,0,0,1,1,1,0
1105,1,1,0,1,1,1,1,0,1,1,0,1,0,0,1,1,1,0,0,1,1,1,0,0,1,1,0
1106,1,1,0,1,1,1,1,1,1,1,1,1,1,0,1,1,1,0,1,1,1,1,0,1,1,1,1
1107,1,1,0,1,1,1,1,0,1,1,0,1,1,0,1,1,1,0,0,1,1,1,0,0,1,1,1
1108,1,1,0,1,1,1,1,1,1,1,1,1,1,1,1,1,1,0,1,1,1,1,1,1,1,1,1
1109,0,1,0,1,1,1,1,0,1,1,0,1,0,0,1,1,1,0,1,1,1,1,0,1,1,1,1
1110,1,0,0,1,1,1,1,0,0,1,1,1,0,0,1,0,1,0,1,1,0,0,0,0,1,1,0
1111,1,1,0,0,0,1,1,0,1,0,0,1,0,0,0,0,1,0,0,1,1,0,0,0,1,1,0
1112,0,1,0,1,1,1,1,0,1,1,1,1,1,1,1,1,1,1,1,1,1,1,1,0,1,1,1
1113,1,1,1,1,1,1,1,0,1,1,0,1,0,1,1,1,1,0,1,1,1,1,0,1,1,1,0
1114,0,1,0,0,1,1,1,0,1,1,0,1,0,0,1,1,1,0,1,1,1,1,0,1,1,1,1
1115,1,1,0,0,1,1,1,0,0,0,1,1,0,0,1,1,1,0,1,1,0,1,0,0,0,1,0
1116,0,1,0,0,1,0,1,0,1,0,0,1,0,0,1,1,1,0,0,1,0,1,0,0,1,1,0
1117,1,1,0,1,1,1,1,1,1,1,1,1,1,0,1,1,1,1,1,1,1,1,0,1,1,1,1
1118,0,0,0,0,1,0,0,0,1,1,1,1,0,0,0,0,1,0,0,0,1,0,0,0,1,1,0
1119,0,1,0,1,1,1,1,0,1,0,0,1,0,0,1,1,1,0,1,1,1,1,0,1,0,1,1
1120,0,1,0,0,1,1,1,0,0,1,0,1,0,0,1,0,1,0,0,0,1,0,0,0,1,1,1
1121,1,1,0,0,0,0,1,0,0,0,0,1,1,0,0,1,1,1,0,0,0,0,0,1,0,1,0
1122,1,1,0,0,0,0,1,0,0,0,0,0,1,0,0,1,1,1,0,0,0,0,0,0,0,1,0
1123,1,1,0,1,1,1,1,0,0,1,0,1,0,0,1,1,1,0,1,1,1,1,0,1,1,1,0
1124,1,0,0,1,1,0,1,0,1,0,0,1,0,0,0,1,1,0,1,1,0,1,0,1,1,1,0
1125,0,0,0,1,1,1,1,0,1,0,0,1,0,0,1,0,1,0,1,0,1,1,0,1,1,1,0
1126,1,1,0,1,1,1,1,1,1,1,1,1,1,1,1,1,1,1,1,1,1,1,1,1,1,1,1
1127,1,1,0,0,1,1,1,0,1,1,1,1,0,0,1,1,1,0,1,1,0,0,0,1,1,1,0
1128,1,1,0,1,1,1,1,0,0,1,1,1,1,0,1,1,1,0,0,1,1,0,0,1,1,1,0
1129,1,1,0,1,1,1,1,1,1,1,1,1,1,1,1,1,1,1,1,1,1,1,0,1,1,1,1
1130,0,0,0,0,1,0,1,0,1,0,0,1,0,0,0,0,1,0,1,1,1,0,0,0,1,1,0
1131,1,1,0,1,1,1,1,0,1,1,0,1,0,0,1,1,1,1,1,1,1,1,0,1,1,1,1
1132,0,0,0,1,1,1,1,0,1,0,0,1,0,0,1,1,1,1,1,1,0,1,0,0,1,1,1
1133,1,1,0,1,1,1,1,0,0,1,0,1,1,0,1,1,1,0,0,0,1,1,0,1,1,1,0
1134,1,0,0,1,1,0,1,0,1,1,0,0,0,0,0,1,1,1,1,0,0,0,0,0,0,1,1
1135,1,1,0,1,1,1,1,1,1,1,0,1,1,1,1,1,1,0,0,1,1,1,0,1,1,1,1
1136,1,1,0,1,1,1,1,0,1,1,1,1,0,0,1,1,1,0,1,1,1,1,0,1,1,1,1
1137,1,1,0,1,1,1,1,0,1,1,1,1,1,0,1,1,1,1,1,1,1,1,1,1,1,1,1
1138,1,1,0,1,1,1,1,0,1,1,0,1,1,0,1,0,1,1,1,1,1,1,0,1,1,1,1
1139,1,1,0,1,1,1,1,0,1,1,0,1,1,0,1,1,1,0,1,1,1,1,0,1,1,1,1
1140,1,1,0,1,0,1,1,1,1,1,0,1,0,0,1,0,1,0,1,1,1,1,0,1,1,1,1
1141,0,0,0,0,0,0,1,0,0,0,0,0,0,0,0,0,1,0,0,0,0,1,0,0,0,0,0
1142,0,0,0,0,0,0,0,0,1,0,0,0,0,0,0,0,0,0,0,0,0,0,0,0,0,0,0
1143,0,1,0,0,0,1,1,0,0,0,0,1,0,0,0,1,0,0,0,0,0,0,0,0,0,1,0
1144,1,1,0,1,1,1,1,0,1,1,0,1,0,0,1,1,1,0,0,1,1,1,0,0,1,1,1
1145,0,0,0,1,1,0,1,0,0,0,0,1,0,0,0,0,1,0,1,0,1,1,0,0,1,1,0
1146,1,1,0,1,1,1,1,0,0,1,1,1,0,0,1,1,1,0,0,1,1,1,0,1,0,1,1
1147,1,0,0,1,0,1,1,0,1,0,0,0,0,0,1,1,0,0,0,0,1,0,0,0,0,1,1
1148,1,1,0,1,1,1,1,0,1,0,0,1,0,0,1,1,1,0,1,1,1,1,0,1,0,1,1
1149,1,1,0,1,1,1,1,0,1,0,1,1,1,0,1,1,1,0,1,1,1,1,0,0,1,1,1
1150,1,1,0,0,1,0,1,0,0,0,0,1,0,0,0,1,1,0,0,0,1,0,0,0,0,0,0
1151,1,1,0,1,1,0,1,0,0,1,0,1,1,0,1,1,1,0,0,1,1,1,0,1,1,1,1
1152,1,1,0,0,1,0,1,0,0,0,0,1,0,0,1,1,0,0,0,0,0,0,0,0,1,1,0
1153,0,0,0,1,1,1,1,1,1,0,0,1,0,0,1,0,1,0,1,1,1,1,0,0,1,1,0
1154,0,1,0,0,0,0,1,0,1,0,0,1,0,0,1,0,1,0,0,1,0,0,0,0,1,1,0
1155,0,1,0,1,1,1,1,0,1,1,0,1,1,0,1,1,1,0,1,1,1,1,0,1,1,1,0
1156,1,1,0,1,1,1,1,0,1,1,1,1,1,1,1,1,1,1,1,1,1,1,0,1,1,1,1
1157,1,1,0,1,1,1,1,0,1,1,0,1,0,0,1,1,1,0,1,1,1,1,0,1,1,1,1
1158,1,1,0,1,1,1,1,1,1,1,0,1,0,0,1,1,1,0,1,1,1,1,0,1,1,1,1
1159,0,0,0,0,0,1,1,0,1,1,0,1,0,0,0,0,1,0,1,1,0,0,0,0,0,1,0
1160,1,1,0,1,1,1,1,1,1,1,1,1,1,0,1,1,1,0,1,1,1,1,0,1,1,1,1
1161,0,0,0,1,1,1,1,0,0,0,0,1,1,0,1,0,1,0,0,0,1,0,0,1,1,1,0
1162,1,1,0,1,1,1,1,1,1,1,1,1,0,1,1,1,1,1,1,1,1,1,0,1,1,1,1
1163,0,0,0,1,0,0,0,0,0,0,0,1,0,0,0,0,0,0,1,0,0,0,0,0,0,1,0
1164,0,1,0,0,1,1,1,1,0,0,0,1,0,0,1,1,1,0,1,1,1,1,0,0,1,1,1
1165,0,1,0,1,0,1,1,0,1,0,0,1,0,0,1,0,1,1,1,1,1,0,0,0,1,1,1
1166,1,1,0,1,1,1,1,0,1,1,1,1,0,0,1,1,1,0,1,1,1,1,0,1,1,1,1
1167,1,1,0,0,1,1,1,0,1,1,0,1,0,0,1,1,1,0,1,1,1,1,0,0,1,1,1
1168,1,1,0,1,1,1,1,0,1,1,0,1,0,0,1,1,1,0,1,1,1,1,0,1,1,1,1
1169,0,1,0,0,1,1,1,0,1,0,0,1,0,0,1,1,1,0,1,1,1,1,1,1,1,1,1
1170,0,0,0,1,0,0,0,0,0,0,0,1,0,0,0,0,1,0,1,0,0,0,0,0,0,1,1
1171,0,1,0,0,1,1,1,0,1,1,0,1,0,0,1,1,1,0,1,1,1,1,0,0,1,1,1
1172,1,1,0,1,1,1,1,0,0,1,1,1,0,0,1,1,1,0,1,1,1,0,0,0,1,1,0
1173,1,1,0,1,1,1,1,1,1,1,0,1,1,1,1,1,1,1,1,1,1,0,0,1,0,1,1
1174,1,1,0,0,1,1,1,0,0,1,0,1,0,0,1,1,1,0,1,1,1,1,0,1,1,1,0
1175,1,1,0,0,1,1,1,0,1,0,1,1,1,1,1,1,1,0,1,1,0,1,0,1,1,1,1
1176,1,1,0,1,1,1,1,0,0,1,0,1,0,0,1,0,1,0,1,1,1,1,0,1,1,1,1
1177,0,1,0,1,1,1,1,0,0,1,0,1,0,0,1,0,1,1,1,0,0,1,0,0,0,1,1
1178,1,1,0,0,0,0,0,0,0,0,0,1,0,0,1,1,0,0,1,0,0,0,0,0,1,1,0
1179,1,0,0,0,1,1,1,0,1,0,0,1,0,0,1,1,1,0,1,1,1,0,0,0,0,1,1
1180,1,1,0,1,1,1,1,1,1,1,0,1,0,0,1,1,1,1,1,1,1,1,0,1,1,1,1
1181,1,1,0,1,1,1,1,1,1,1,0,1,1,1,1,1,1,0,1,1,1,1,0,1,1,1,1
1182,0,1,0,0,1,1,1,0,1,0,0,1,0,0,1,1,1,0,1,1,1,0,0,1,1,1,1
1183,1,1,0,1,1,1,1,0,1,1,0,1,0,1,1,1,1,1,1,1,1,1,0,1,1,1,1
1184,0,1,0,0,1,0,0,0,0,0,0,0,0,0,0,1,0,0,0,0,0,0,0,0,0,0,0
1185,1,1,0,1,1,1,1,1,1,1,1,1,1,1,1,1,1,1,1,1,1,1,1,1,1,1,1
1186,1,1,0,1,1,1,1,1,1,1,1,1,0,1,1,1,1,0,1,1,1,1,0,1,1,1,1
1187,1,1,0,1,1,1,1,0,1,1,0,1,0,1,1,1,1,1,1,1,1,1,0,1,1,1,1
1188,1,1,0,1,1,1,1,1,1,1,1,1,0,1,1,1,1,1,1,1,1,1,1,1,1,1,1
1189,1,1,0,1,1,1,1,1,1,1,0,1,0,1,1,1,1,1,1,1,1,1,1,1,1,1,1
1190,0,1,0,1,1,0,1,0,0,0,1,1,0,1,1,1,1,0,1,1,1,1,0,0,1,1,1
1191,0,1,0,0,1,0,1,0,1,1,0,1,0,0,1,1,1,0,0,1,1,1,0,1,1,1,1
1192,0,1,0,1,1,1,1,0,1,1,0,1,0,0,1,1,1,1,0,1,0,0,1,0,1,1,1
1193,0,0,0,0,1,1,1,0,0,0,0,1,0,0,1,0,1,0,0,1,0,0,0,0,1,1,1
1194,0,0,0,0,0,1,0,0,1,0,0,1,0,0,1,0,1,0,0,1,0,0,0,0,1,1,1
1195,1,0,0,0,0,1,1,0,0,0,0,1,0,0,1,0,1,0,1,1,1,0,0,0,1,1,1
1196,1,1,0,0,1,0,1,0,0,0,0,1,0,0,0,1,1,0,0,0,1,0,0,0,0,1,1
1197,0,0,0,0,0,0,0,0,0,0,0,1,0,0,0,0,1,0,0,0,0,0,0,0,0,0,0
1198,0,0,0,0,1,0,1,0,0,0,0,1,0,0,1,1,0,0,0,1,0,0,0,0,1,1,1
1199,1,1,0,1,1,1,1,0,1,1,1,1,1,0,1,1,1,1,1,1,1,1,0,1,1,1,0
1200,1,1,0,1,1,1,1,1,0,1,0,1,1,0,1,1,1,0,1,1,1,1,0,1,1,1,1
1201,0,0,0,0,1,0,1,0,1,0,0,1,0,0,0,0,1,0,0,0,0,0,0,0,0,1,0
1202,1,1,0,1,1,1,1,0,0,0,0,1,0,0,0,0,1,0,0,0,1,1,0,0,0,1,0
1203,0,0,0,0,0,0,0,0,0,0,0,1,0,0,0,0,1,0,0,0,0,0,0,0,0,0,0
1204,0,0,0,0,1,0,1,0,0,0,0,1,0,0,0,0,1,0,0,0,0,0,0,0,0,1,0
1205,0,1,0,0,1,1,1,0,1,1,0,1,0,0,1,1,1,0,1,1,1,1,0,1,0,1,1
1206,0,1,0,1,1,1,1,0,1,1,0,1,1,0,1,1,1,0,1,1,1,1,0,1,1,1,1
1207,1,1,0,0,1,0,0,0,0,1,1,1,1,0,1,0,1,0,1,1,1,0,0,0,0,0,0
1208,1,1,0,1,1,1,1,0,0,0,0,1,0,0,1,1,1,1,1,1,0,1,0,0,1,1,0
1209,0,1,0,1,1,1,1,0,1,1,0,1,0,0,1,0,1,0,1,1,1,1,1,0,1,1,1
1210,0,1,0,0,1,0,1,0,0,0,0,1,0,0,1,1,1,0,1,1,1,1,0,0,1,1,1
1211,0,0,0,0,0,1,1,0,1,0,0,1,0,0,1,0,1,0,0,0,0,0,0,1,1,1,1
1212,1,1,0,1,1,1,1,0,1,0,0,1,0,0,1,1,1,0,1,1,1,1,0,0,0,1,1
1213,0,0,0,0,0,0,0,0,1,0,0,1,0,0,0,0,1,0,0,0,0,0,0,0,0,0,0
1214,0,0,0,0,0,0,0,0,1,0,0,0,0,0,0,0,0,0,0,0,0,0,0,0,0,0,0
1215,1,1,0,1,1,1,1,1,1,1,1,1,1,0,1,1,1,0,1,1,1,1,0,1,1,1,1
1216,1,1,0,0,1,1,1,0,0,0,0,1,0,0,1,1,0,0,1,1,1,1,0,0,1,1,1
1217,0,0,0,1,1,1,1,0,1,0,0,1,0,0,1,0,1,0,1,1,1,0,0,0,0,1,0
1218,1,1,0,1,1,1,1,0,0,0,0,1,0,0,0,1,1,0,1,1,1,0,0,0,0,1,0
1219,1,1,0,1,1,1,1,0,0,0,0,1,0,0,0,0,1,0,1,1,1,1,0,0,1,1,1
1220,1,1,0,1,1,0,1,0,1,1,0,1,0,0,1,0,1,1,0,1,1,0,0,0,1,1,1
1221,0,1,0,1,1,1,1,0,0,1,0,1,0,0,1,1,1,0,1,1,1,1,0,0,1,1,1
1222,1,1,0,1,1,1,1,1,1,1,1,1,1,1,1,1,1,1,1,1,1,1,1,1,1,1,1
1223,0,1,0,1,1,1,1,1,1,1,0,1,0,0,1,0,1,0,1,1,1,1,1,0,1,1,1
1224,0,0,0,1,1,1,1,0,1,0,0,1,0,1,1,0,1,0,0,1,1,1,0,1,1,1,1
1225,0,1,0,0,1,1,1,0,0,1,1,1,0,0,1,1,1,0,1,1,1,0,0,0,1,1,1
1226,0,1,0,1,1,1,1,0,0,0,0,1,0,0,1,1,1,0,0,1,0,1,0,0,0,1,0
1227,0,0,0,0,1,0,1,0,1,0,0,1,0,0,1,0,0,0,0,1,1,1,0,0,1,1,0
1228,1,1,0,1,1,1,1,1,1,0,1,1,0,0,1,1,1,0,1,0,1,1,0,0,0,1,1
1229,0,1,0,1,1,1,1,0,1,1,1,1,0,0,1,1,1,1,1,1,1,1,0,1,1,1,1
1230,1,1,0,1,1,1,1,0,1,1,1,1,1,0,1,1,1,1,1,1,1,1,1,1,1,1,1
1231,1,0,0,1,1,1,1,0,1,0,0,1,0,0,1,1,1,0,1,0,1,1,0,1,1,1,1
1232,0,0,0,1,1,1,1,0,1,0,0,1,0,0,1,0,1,0,1,1,1,0,0,1,1,1,0
1233,0,1,0,1,1,1,1,0,1,1,0,1,0,0,1,1,1,0,1,1,1,1,0,1,1,1,1
1234,0,1,0,0,0,0,1,0,1,0,0,1,0,0,0,0,1,0,0,0,1,0,0,0,0,1,0
1235,0,0,0,0,1,1,1,0,1,0,0,1,0,0,0,1,1,0,0,1,1,1,0,0,1,1,1
1236,1,1,0,1,1,1,1,0,1,0,1,1,0,0,1,1,1,0,1,1,0,1,0,1,1,1,1
1237,0,1,0,0,1,0,1,0,1,0,0,0,0,0,0,1,1,0,0,0,0,0,0,0,0,1,0
1238,1,1,0,0,1,1,1,0,1,0,0,1,0,0,1,1,1,0,1,1,1,1,0,1,1,1,0
1239,1,1,0,1,1,1,1,1,1,1,0,1,0,0,1,1,1,0,1,1,1,1,0,0,1,1,1
1240,1,1,0,1,1,1,1,1,0,0,1,1,0,0,1,1,1,0,1,1,1,1,0,0,1,1,1
1241,0,0,0,0,1,0,1,0,1,1,0,1,0,0,1,0,1,0,1,1,0,0,1,0,0,1,0
1242,0,0,0,1,1,0,1,0,1,0,0,1,0,0,1,0,0,0,0,0,0,0,0,0,0,0,0
1243,0,1,0,1,0,1,1,0,1,0,0,1,0,0,1,0,0,0,1,1,1,0,0,1,1,1,0
1244,0,1,0,1,1,1,1,0,0,0,0,1,0,0,1,1,1,0,1,1,1,1,0,0,1,1,1
1245,0,1,0,1,1,0,1,0,1,1,1,1,0,0,1,0,1,0,1,1,1,1,0,0,1,1,0
1246,1,1,0,1,1,1,1,0,0,0,0,1,0,1,0,1,1,0,1,1,0,1,0,1,1,1,0
1247,1,0,0,0,1,1,1,0,1,1,0,1,0,0,0,1,1,0,1,0,1,1,0,0,1,1,1
1248,1,1,0,0,1,1,1,0,1,0,0,1,0,0,1,1,1,0,1,1,0,1,0,0,0,1,0
1249,1,1,0,1,1,1,1,0,1,1,0,1,0,1,1,0,1,0,1,1,1,1,0,1,1,1,1
1250,1,1,0,1,1,1,1,0,1,1,0,1,1,0,1,1,1,0,1,1,1,1,0,0,1,1,1
1251,1,1,0,1,1,1,1,0,1,1,0,1,0,0,0,1,1,0,1,1,1,1,0,1,1,1,1
1252,1,1,0,0,1,0,1,0,1,0,0,1,0,0,1,1,1,0,1,0,0,1,0,0,0,1,1
1253,0,0,0,0,1,1,0,0,1,0,0,0,0,0,1,0,1,0,1,1,0,1,0,0,1,1,1
1254,0,0,0,0,1,1,0,0,1,0,0,0,0,0,1,0,1,0,0,1,0,0,0,0,1,1,1
1255,1,1,0,1,1,1,1,0,1,0,0,0,0,0,1,1,1,0,1,1,1,1,0,1,1,1,1
1256,0,0,0,0,1,1,1,0,1,0,0,1,0,1,1,1,1,0,1,1,1,1,0,0,1,1,0
1257,1,0,0,0,1,1,1,0,1,0,0,1,0,0,0,1,1,0,0,0,0,1,0,1,0,1,0
1258,0,0,0,1,1,1,1,0,1,1,0,1,0,0,1,1,1,0,1,1,1,1,0,1,1,1,1
1259,1,1,0,1,1,1,1,1,1,1,0,1,1,0,1,1,1,1,1,1,1,1,0,1,1,1,1
1260,1,1,0,0,1,1,1,0,1,1,1,1,0,1,1,1,1,0,1,1,1,0,0,1,0,1,1
1261,1,1,0,0,1,1,1,0,1,1,0,1,0,0,0,1,1,0,1,0,1,1,0,0,0,1,0
1262,1,1,0,0,1,1,1,0,0,0,1,1,0,0,0,1,1,0,1,1,0,1,0,0,1,1,0
1263,1,1,0,0,1,1,1,1,1,1,0,1,0,0,1,1,1,0,1,1,1,1,0,0,1,1,1
1264,1,1,0,1,1,1,1,0,1,1,0,1,1,0,1,1,1,0,1,1,1,1,0,1,1,1,0
1265,0,0,0,1,0,0,1,0,1,0,0,1,0,0,1,0,1,0,1,1,0,0,1,0,1,1,0
1266,0,1,0,1,1,1,1,0,1,1,1,1,0,0,1,1,1,0,1,1,1,1,0,0,1,1,1
1267,0,1,0,1,1,0,1,0,0,0,0,1,0,0,1,1,1,0,0,1,1,1,0,0,0,1,0
1268,1,1,1,0,1,0,1,0,1,0,1,1,0,0,0,1,1,0,1,0,1,1,0,0,0,1,0
1269,1,1,0,0,1,1,1,0,1,0,0,1,0,0,1,1,1,0,0,1,0,1,0,0,1,1,1
1270,1,1,0,1,1,1,1,0,0,0,1,1,1,0,1,1,1,0,0,1,0,1,0,1,1,1,1
1271,1,1,0,1,1,1,1,0,1,1,1,1,1,0,1,1,1,1,1,1,1,1,0,0,1,1,1
1272,1,0,0,0,1,0,1,0,0,0,1,1,0,0,1,1,1,0,0,1,0,1,0,0,0,1,0
1273,1,0,0,0,1,1,1,0,1,0,0,1,0,0,1,1,1,0,1,1,1,0,0,0,0,1,1
1274,1,1,0,0,1,0,0,0,0,0,0,1,0,0,1,0,0,0,1,1,0,0,0,0,0,0,0
1275,0,0,0,0,1,0,1,0,0,0,0,0,0,0,1,1,0,0,0,0,1,0,0,0,0,1,1
1276,0,0,0,0,0,1,1,0,0,1,0,1,0,0,0,0,1,0,0,0,0,0,0,0,0,0,0
1277,1,1,0,1,1,1,1,1,1,1,1,1,1,1,1,1,1,1,1,1,1,1,0,1,1,1,1
1278,1,1,0,1,1,1,1,1,1,1,1,1,0,1,1,1,1,0,1,1,1,1,1,1,1,1,1
1279,1,0,0,1,1,1,1,1,1,1,0,1,0,0,1,0,1,0,1,1,1,1,0,0,1,1,1
1280,1,1,0,1,1,1,1,1,1,1,0,1,1,0,1,1,1,0,1,1,1,1,0,1,1,1,1
1281,0,0,0,0,1,0,1,0,1,0,0,0,0,0,1,0,0,0,0,1,0,1,0,0,1,1,1
1282,0,1,0,0,0,1,1,0,0,1,0,1,0,0,1,0,1,0,1,1,1,0,0,0,0,1,1
1283,1,1,0,1,1,1,1,0,1,1,0,1,0,0,1,1,1,0,1,1,1,1,0,1,1,1,1
1284,1,1,0,1,1,1,1,0,0,1,0,1,0,1,1,1,1,0,1,1,1,0,0,1,1,1,0
1285,1,1,0,1,1,1,1,1,1,1,0,1,0,0,1,1,1,0,1,1,1,1,0,1,1,1,1
1286,0,1,0,0,1,1,1,0,1,1,0,1,0,0,1,1,1,0,1,1,1,1,0,1,0,1,1
1287,1,1,0,1,1,1,1,0,1,1,1,1,1,1,1,1,1,1,1,1,1,1,1,0,1,1,1
1288,1,1,0,1,1,1,1,0,1,1,0,1,0,1,1,1,1,0,0,1,0,1,0,0,1,1,1
1289,1,1,0,1,1,1,1,0,1,0,0,1,0,0,1,0,1,0,1,1,1,1,0,0,1,1,0
1290,1,1,0,1,1,1,1,0,1,1,0,1,0,1,1,1,1,0,1,1,1,1,0,1,1,1,1
1291,1,1,0,1,1,1,1,0,1,1,0,1,0,0,1,1,1,0,1,1,1,1,0,0,1,1,0
1292,0,1,0,0,1,1,1,1,0,1,1,1,0,0,0,0,1,0,0,0,0,1,0,0,0,1,0
1293,0,0,0,0,0,0,1,0,1,0,0,0,0,0,0,0,1,0,0,0,0,0,0,1,0,1,0
1294,0,0,0,0,1,0,1,0,1,0,0,1,0,0,1,0,0,0,0,1,0,0,0,0,0,1,0
1295,0,0,0,0,0,0,0,0,0,0,0,1,0,0,0,1,1,0,0,0,0,0,0,0,0,1,0
1296,1,1,0,0,0,1,1,0,0,0,0,1,0,0,0,0,1,0,1,0,1,1,0,0,0,1,1
1297,1,1,0,1,1,1,1,0,1,1,0,1,0,0,1,1,1,0,1,1,1,1,0,1,1,1,1
1298,1,1,0,1,1,1,1,0,1,1,1,1,0,0,1,1,1,0,1,1,1,1,0,1,1,1,1
1299,0,1,0,0,1,0,1,0,0,0,0,1,0,0,0,1,1,1,1,0,0,0,0,0,1,1,0
1300,0,0,0,0,0,0,0,0,1,0,0,1,0,0,0,0,1,0,0,0,0,0,0,0,0,0,1
1301,1,0,0,1,0,1,1,0,1,0,0,1,0,0,1,1,1,0,0,1,1,1,0,0,1,1,1
1302,0,1,0,1,1,1,1,0,1,0,1,1,0,1,1,1,1,0,1,1,1,0,0,1,1,1,1
1303,0,0,0,1,1,0,0,0,0,0,0,1,0,0,1,0,1,0,1,0,0,0,0,0,0,1,1
1304,0,1,0,1,1,0,1,0,0,0,0,1,0,1,0,1,1,0,0,0,1,0,0,0,0,1,0
1305,0,1,0,1,1,1,1,0,1,1,1,1,0,0,1,0,1,0,1,1,1,1,0,1,1,1,1
1306,1,1,0,1,1,1,1,1,1,1,1,1,1,1,1,1,1,0,1,1,1,1,0,0,1,1,1
1307,0,0,0,1,1,1,1,0,1,1,0,1,0,0,1,0,1,0,0,1,0,0,0,0,1,1,1
1308,0,1,0,1,1,1,1,0,1,1,1,1,0,0,1,0,1,0,1,0,1,1,0,1,1,1,1
1309,1,1,0,1,1,1,1,1,1,1,1,1,0,0,1,1,1,0,1,1,1,1,0,1,1,1,1
1310,1,1,0,0,1,1,1,0,1,1,1,1,1,0,0,0,1,0,1,1,1,1,0,1,1,1,1
1311,0,1,0,1,1,0,1,0,1,0,1,1,0,0,0,1,1,0,0,1,1,1,0,1,1,1,1
1312,1,1,0,1,1,1,1,1,1,1,1,1,0,0,1,1,1,0,1,1,1,1,1,1,1,1,1
1313,1,1,0,1,1,1,1,0,1,0,0,1,0,0,1,1,1,1,1,1,1,1,0,1,1,1,0
1314,1,1,0,1,1,1,1,0,1,1,1,1,0,0,1,1,1,0,1,1,1,1,0,1,1,1,1
1315,0,0,0,1,0,1,1,0,1,0,0,1,0,0,1,0,1,0,1,1,1,0,0,0,1,1,0
1316,1,1,0,0,1,1,1,0,1,1,0,1,0,0,0,1,1,0,1,1,1,1,0,0,1,1,1
1317,0,1,0,1,1,1,1,0,1,0,0,1,0,1,1,1,1,1,1,1,1,1,0,0,1,1,1
1318,1,1,0,1,1,1,1,0,1,1,1,1,1,0,1,1,1,0,1,1,1,1,0,1,1,1,1
1319,0,0,0,0,1,1,0,0,1,0,0,1,0,0,1,0,1,0,0,1,0,0,0,0,1,1,1
1320,1,1,0,0,1,0,1,0,0,1,0,1,0,0,1,1,1,0,0,0,1,1,0,1,1,1,1
1321,0,0,0,1,1,1,1,0,0,1,0,1,0,0,0,1,1,0,0,1,1,1,0,0,1,1,1
1322,0,0,0,1,1,1,1,0,1,1,0,1,0,1,1,1,1,0,1,1,1,1,0,1,1,1,1
1323,0,1,0,1,1,1,1,0,1,1,0,1,0,0,1,0,1,0,1,1,1,1,0,1,1,1,1
1324,1,0,0,0,1,1,1,0,1,0,1,1,0,0,1,0,1,0,1,1,1,0,0,0,1,1,1
1325,0,1,0,1,1,1,1,1,1,1,0,1,0,1,1,1,1,0,1,1,1,1,0,1,1,1,1
1326,1,1,0,0,1,1,1,0,1,0,0,1,1,0,0,1,1,0,1,0,1,1,0,1,0,1,0
1327,0,0,0,1,1,1,1,0,1,1,0,1,1,0,1,0,1,0,1,1,1,0,0,1,1,1,1
1328,1,1,0,1,1,1,1,0,0,1,0,1,1,0,1,1,1,0,1,1,1,1,0,1,1,1,1
1329,0,1,0,1,1,1,1,1,1,1,0,1,1,1,1,1,1,0,1,1,1,1,0,1,1,1,1
1330,0,0,0,0,0,0,0,0,1,0,0,1,0,0,0,0,1,0,0,0,0,0,0,0,0,1,0
1331,1,1,0,1,1,1,1,0,0,0,0,1,0,0,1,1,1,0,1,1,1,1,0,1,0,1,0
1332,0,0,0,1,0,0,0,0,1,0,0,1,0,0,1,0,0,0,0,1,0,0,0,0,0,1,0
1333,1,1,0,1,1,1,1,1,1,1,1,1,1,0,1,1,1,1,1,1,1,1,1,1,1,1,1
1334,0,1,0,0,1,0,1,0,1,0,0,1,1,0,1,0,1,0,1,1,1,0,0,1,1,1,1
1335,1,0,0,0,0,0,1,0,1,0,0,0,0,0,0,1,1,0,0,0,1,0,0,0,0,1,0
1336,1,1,0,1,1,1,1,1,1,1,0,1,1,0,1,1,1,1,1,1,1,1,0,0,0,1,1
1337,1,1,0,1,1,1,1,0,1,0,0,1,1,1,1,1,1,0,1,1,1,1,0,1,1,1,1
1338,1,1,0,1,1,1,1,0,1,1,1,1,1,0,1,0,1,1,1,1,1,1,0,0,1,1,0
1339,0,0,0,0,0,0,1,0,1,0,0,1,0,0,0,0,1,0,0,0,0,1,0,0,0,1,0
1340,0,0,0,1,0,0,1,0,1,1,1,1,0,1,1,0,1,1,0,1,0,0,1,0,0,1,1
1341,0,1,0,0,1,0,1,0,1,1,0,1,0,0,1,0,1,1,1,0,0,1,0,0,0,1,1
1342,0,0,0,0,1,0,1,0,0,0,0,1,0,0,0,0,1,0,0,0,0,0,0,0,0,1,0
1343,1,1,0,1,1,1,1,0,1,1,0,1,0,0,1,1,1,0,1,1,1,1,0,1,1,1,1
1344,1,1,0,1,1,1,1,0,1,1,1,1,0,0,1,1,1,0,1,1,1,1,0,1,1,1,0
1345,0,1,0,0,1,0,1,0,0,0,0,1,0,0,1,1,1,0,1,1,1,1,0,0,1,1,0
1346,1,1,0,0,1,1,1,0,1,1,0,1,0,0,1,1,1,0,1,1,1,1,0,0,1,1,1
1347,0,1,0,0,1,1,0,0,0,0,0,1,0,0,1,0,0,0,0,1,1,1,0,0,1,1,1
1348,1,0,0,0,1,0,1,0,0,0,0,1,0,0,1,0,1,0,0,1,0,0,0,0,1,1,1
1349,0,1,0,0,1,1,1,0,0,0,0,1,0,0,0,0,0,0,1,0,0,1,0,0,1,1,0
1350,0,1,0,0,0,0,1,0,1,0,1,1,0,0,0,0,0,0,0,0,0,0,0,1,0,1,0
1351,0,0,0,1,1,1,1,1,0,1,0,0,0,1,1,1,1,0,0,1,1,1,0,0,1,1,0
1352,0,1,0,1,1,1,1,0,1,1,1,1,0,0,1,1,1,0,1,1,1,1,0,1,1,1,1
1353,0,1,0,0,0,0,1,0,0,0,0,0,0,0,0,0,0,0,0,0,0,0,0,0,0,0,1
1354,0,0,0,0,1,1,1,0,1,0,1,1,0,1,1,1,1,0,1,1,0,1,0,0,1,1,0
1355,0,0,0,0,0,1,0,1,0,0,0,0,0,0,0,1,1,0,1,0,0,1,0,0,0,1,0
1356,0,0,0,0,1,1,1,0,1,1,0,1,0,0,1,1,1,0,1,1,0,0,0,0,1,1,1
1357,1,1,0,1,1,1,1,0,1,0,0,1,0,0,1,1,1,0,1,0,1,0,0,0,1,1,1
1358,1,1,0,0,1,1,1,0,0,0,0,1,0,0,1,1,0,0,1,1,1,1,0,0,0,1,1
1359,1,1,0,1,1,1,1,0,0,0,0,1,0,0,1,1,1,0,1,1,1,0,0,0,0,1,0
1360,0,1,0,0,1,1,1,0,0,0,0,1,0,0,1,0,1,0,0,0,0,0,0,0,0,1,0
1361,1,0,0,0,0,0,1,0,0,0,0,1,0,0,0,0,0,0,0,0,0,0,0,0,0,1,1
1362,0,0,0,0,1,1,1,0,1,1,0,1,0,0,1,1,1,1,1,1,1,0,0,1,1,1,1
1363,0,0,0,0,1,1,0,0,0,1,1,1,0,0,1,1,1,0,1,0,0,0,1,0,0,0,0
1364,0,1,0,1,1,1,1,0,1,1,1,1,0,0,1,1,1,0,1,1,1,1,0,1,1,1,1
1365,0,0,0,0,0,0,0,0,0,0,1,0,0,0,0,0,0,0,0,0,0,0,0,0,0,0,0
1366,0,0,0,0,0,0,1,0,0,0,0,0,0,0,0,0,0,0,0,0,0,0,0,0,0,0,0
1367,1,1,0,1,1,1,1,0,1,1,1,1,0,0,1,1,1,0,1,1,1,1,0,1,1,1,1
1368,1,1,1,1,1,1,1,0,1,1,0,1,0,0,1,1,1,0,1,1,1,1,0,1,1,1,1
1369,0,0,0,0,0,0,0,0,1,0,0,0,0,0,0,0,1,0,0,0,0,0,0,0,0,1,0
1370,1,1,0,0,1,1,1,1,1,0,0,1,0,0,0,0,1,1,1,1,1,1,0,0,0,1,1
1371,1,1,0,0,1,1,1,0,1,1,1,1,1,0,1,1,1,0,1,1,1,1,1,0,0,1,1
1372,0,0,0,0,0,0,1,0,0,0,0,0,0,0,0,0,0,0,1,0,0,0,0,0,0,0,0
1373,0,0,0,1,1,1,1,0,1,0,0,1,0,0,1,1,1,0,0,1,1,0,0,0,0,1,1
1374,1,1,0,1,1,1,1,0,1,1,0,1,1,0,1,1,1,0,1,1,1,1,0,1,1,1,1
1375,0,0,0,0,0,0,1,0,1,0,0,1,0,0,1,0,1,0,0,1,1,0,0,0,0,1,1
1376,0,0,0,0,0,0,0,0,0,0,0,0,0,0,0,0,1,0,0,0,0,0,0,0,0,0,0
1377,0,0,0,1,1,1,1,0,1,1,0,1,0,0,0,0,1,0,1,1,1,0,0,0,1,1,0
1378,1,1,0,1,1,1,1,0,0,1,0,1,0,0,1,1,1,0,0,1,1,1,0,1,1,1,0
1379,0,0,0,0,0,0,0,0,0,0,0,1,0,0,0,0,1,0,0,0,0,0,0,0,0,0,0
1380,0,1,0,1,1,1,1,0,1,1,1,1,0,0,1,0,1,0,1,1,0,0,0,1,0,1,1
1381,1,1,0,1,1,1,1,0,1,1,1,1,1,0,1,1,1,1,1,1,1,1,0,1,1,1,1
1382,0,1,0,1,1,1,1,0,1,1,0,1,1,0,1,1,1,0,1,1,1,0,0,1,1,1,1
1383,1,0,0,0,1,0,1,0,1,0,0,1,0,0,1,1,1,0,1,1,0,0,0,0,0,1,1
1384,1,1,0,1,1,1,1,0,1,1,0,1,0,0,1,1,1,0,1,1,1,1,0,1,1,1,1
1385,0,1,0,0,1,1,1,0,1,0,0,1,0,0,0,1,1,0,1,1,0,0,0,0,1,1,1
1386,1,1,0,1,1,1,1,1,1,1,0,1,0,1,1,1,1,0,1,1,1,1,0,1,1,1,1
1387,0,1,0,1,1,1,1,0,0,1,0,1,0,0,1,1,1,0,0,1,1,1,0,1,1,1,1
1388,0,0,0,0,1,0,1,0,0,0,0,1,0,0,1,0,1,0,0,1,1,0,0,0,1,1,1
1389,1,1,0,0,1,1,1,0,1,1,1,1,1,0,1,1,1,0,1,1,1,1,0,0,1,1,1
1390,0,1,0,1,1,1,1,1,1,0,1,1,0,0,1,0,1,0,1,1,1,1,0,1,1,1,1
1391,1,0,0,0,1,1,1,0,1,0,1,1,0,0,1,0,1,0,0,0,1,1,0,0,1,1,0
1392,0,1,0,0,1,1,1,0,1,0,1,1,0,0,1,1,1,0,1,1,1,1,0,1,1,1,1
1393,0,1,0,1,1,1,1,1,1,0,0,1,0,0,1,0,1,0,1,1,1,1,0,1,1,1,1
1394,0,0,0,0,1,0,0,0,0,0,0,0,0,0,0,0,0,0,1,0,1,0,0,0,0,1,0
1395,0,0,0,0,1,0,1,0,1,0,0,1,0,0,1,1,1,0,1,1,0,1,0,1,0,1,1
1396,0,1,0,0,1,1,1,0,1,0,1,1,0,0,1,1,1,0,1,1,1,1,0,0,0,1,1
1397,0,0,1,1,1,1,1,0,1,1,0,1,0,1,1,1,1,1,1,1,1,1,0,1,1,1,1
1398,1,1,0,0,1,1,1,0,0,1,0,1,0,0,1,0,1,0,1,1,1,0,0,0,0,1,1
1399,1,1,0,1,1,0,1,0,1,1,0,1,0,0,1,1,1,0,1,1,1,1,0,1,1,1,1
1400,0,0,0,1,0,0,0,0,1,0,0,1,1,0,0,0,0,0,1,0,0,0,0,0,0,0,1
1401,1,1,0,1,1,1,1,0,1,1,0,1,0,0,1,1,1,0,1,1,1,1,0,1,1,1,1
1402,1,1,0,0,1,0,1,0,1,1,1,1,0,0,1,1,1,1,0,0,0,1,0,0,0,0,0
1403,1,1,0,0,1,0,1,0,1,1,0,1,1,0,0,0,1,0,1,0,1,1,0,0,0,1,1
1404,0,0,0,0,1,0,1,0,1,0,0,1,0,0,1,0,1,0,0,0,0,0,0,0,1,1,0
1405,0,1,0,0,1,1,1,0,1,0,0,1,0,0,1,1,1,1,1,1,1,0,0,0,1,1,1
1406,0,0,0,0,0,0,1,0,0,0,0,1,0,0,0,0,1,0,0,0,0,1,0,0,0,0,0
1407,0,1,0,0,1,1,1,0,1,0,0,0,0,0,0,0,1,0,1,1,0,0,0,0,0,1,0
1408,0,0,0,0,0,0,0,0,0,0,0,1,0,0,0,0,1,0,0,0,0,0,0,0,0,0,0
1409,0,0,0,0,1,0,1,0,0,0,0,1,0,0,1,1,0,0,1,1,0,0,0,0,1,1,0
1410,0,1,0,1,1,1,1,0,1,0,0,1,0,0,1,1,1,1,1,1,1,0,0,0,1,1,0
1411,0,1,0,0,1,1,1,0,0,0,0,1,0,0,0,0,1,0,1,1,1,1,0,1,1,1,1
1412,0,0,0,1,1,0,1,1,1,1,0,1,0,0,1,0,1,0,1,1,1,1,1,1,1,1,1
1413,1,1,0,1,1,1,1,0,0,0,1,1,0,0,1,1,1,1,1,1,1,0,0,0,1,1,1
1414,1,1,0,1,1,1,1,0,1,1,0,0,0,0,0,1,1,0,0,1,0,1,0,1,1,1,1
1415,1,1,0,1,1,1,1,0,1,1,1,1,1,0,1,1,1,0,1,1,1,1,0,0,1,1,1
1416,1,0,0,1,1,1,1,0,1,1,0,1,1,0,1,1,1,0,1,1,1,1,1,1,1,1,1
1417,0,0,0,0,0,0,1,0,0,0,0,1,0,0,0,0,0,0,1,1,0,0,0,0,0,0,1
1418,1,1,0,1,1,1,1,0,0,1,0,1,0,0,1,1,1,0,0,1,1,1,0,1,1,1,1
1419,0,0,0,0,0,0,1,0,0,0,0,0,0,0,0,0,0,0,0,0,0,0,0,0,0,0,0
1420,1,1,0,1,1,1,1,1,1,1,1,1,1,0,0,1,1,0,1,1,1,1,0,0,0,1,1
1421,1,1,0,0,0,0,1,0,0,1,1,1,0,0,1,0,1,0,0,1,0,0,0,0,1,1,0
1422,0,1,0,0,0,1,1,0,0,0,0,0,0,0,0,1,0,0,0,0,0,1,0,0,0,0,0
1423,1,1,0,1,1,1,1,0,1,1,0,1,0,0,1,1,1,0,1,1,1,1,0,1,1,1,1
1424,1,1,0,0,1,1,1,0,1,1,1,1,0,0,1,0,1,0,1,0,0,1,0,0,1,1,1
1425,0,1,0,1,1,1,1,0,0,1,0,1,1,0,1,1,1,0,0,0,1,1,0,0,1,1,1
1426,1,1,0,1,1,1,1,0,1,1,0,1,1,0,1,1,1,0,1,1,1,1,0,1,1,1,1
